Flipper;Skillshot (wo?);🎯 Erster Ball – Spielplan;Lock qualifizieren (wie oft?);Ball locken (wo?);MB starten (wo?);⚠️ Gefährlicher Schuss;💡 Matchplay-Tipp
;;;;;;;
Guardians of the Galaxy Pro;Blinkender Orbit, rechte Rampe oder rechter Orbit (Super Skillshot);Modus wählen → Groot (großer Kopf Mitte) treffen → Mund öffnet → Ball locken → 3 Locks = Groot MB;1× Groot treffen = Mund öffnet (Lock lit). Für den 1. MB insgesamt 3 Locks.;Groot-Mund (großer Kopf Mitte);Nach dem 3. Lock startet Groot MB automatisch;Rocket-Shot (unten rechts) – Fehlschuss oft Richtung Mitte/SDTM;Im Matchplay ist Groot MB der schnellste Weg zu vielen sicheren Punkten. Rocket-Shot möglichst meiden. Hadron Enforcer für schwierige Schüsse oder im Multiball aufheben. (Flipper & Jukebox Fachhandel)
Atlantis;Obere Einlaufbahn (beleuchtete Lane);1-Targets (3 Stück) komplett → Ball locken → 2-Targets komplett → Ball locken → 3-Targets komplett → Ball locken → Multiball → Jackpot über linke Schleife;Jeweils 3 Targets der aktuellen Zahl (1 → 2 → 3);U-Boot (links oben unter der Rampe);Nach dem 3. Lock startet der 3-Ball-Multiball automatisch;Rampe/Linke Schleife – Fehlschüsse kommen schnell zur rechten Flipperseite zurück;Im Matchplay nicht nur auf Multiball spielen. Die Drop-Targets (links) bringen nützliche Awards (Bonus X, Hold Bonus, Million lit). Ist der Lock weit weg, lieber sichere Punkte über Drop-Targets mitnehmen. (Pinball Nirvana)
No Fear;Jump Ramp (linke Rampe) = 50 Mio. Skillshot;Raceway (innere Schleife links) 5× für Extra Ball/hohe Punkte → Challenge über Skull starten → Skydive-Droptarget treffen → Ball locken → 3 Locks = MB;1× Skydive-Droptarget (Mitte) → Lock lit, insgesamt 3 Locks bis MB;Skydive (links oben) oder Skull-Scoop (Mitte), je nach Lock-Lampe;Mit dem 3. Lock startet der 3-Ball-Multiball automatisch;Jump Ramp – Fehlschuss kann direkt zur rechten Flipperseite/SDTM zurückkommen;Nicht blind auf Multiball spielen. Die Challenges bringen oft schneller sichere Punkte. Nimm den 50-Mio.-Skillshot mit, wenn du ihn sicher triffst, und starte Challenges früh über den Skull-Scoop.
Dirty Harry;Load Gun wählen → HQ (Loch oben Mitte) treffen;Äußere Loops (links/rechts) → HQ (oben Mitte) für Modus → 5 Badges sammeln (HQ, linke Rampe, Safehouse, Warehouse, rechte Rampe) → Gun laden → MB;Alle 5 Badges je 1× sammeln;Linke Rampe oder Warehouse (laden die Gun);Nach dem Gun-Schuss startet der Multiball;Linke Rampe – enger Schuss, Fehlschuss kommt oft schnell zurück;"Immer den Skillshot ""Load Gun"" wählen und früh einen Modus starten. Im Matchplay bringen Barroom Brawl und Warehouse Raid oft schneller sichere Punkte als ein langer MB-Aufbau."
Doctor Who;Loop-Rampe (oben rechts) oder Time Expander (Mitte), je nach Skillshot-Lampe;WHO-Targets (links) → Dr. 6 wählen → 3× Loop-Rampe = 4× Playfield → 2 Locks → 5 Time-Expander-Targets je 3× → Dalek Gates → MB;1. MB: 2 Locks direkt lit. Danach mittleres Lock-Target treffen, um Locks wieder zu aktivieren. Anschließend 5 Targets je 3× (=15 Treffer).;Time Expander – linkes/rechtes Lock (Mitte);Dalek Gates (oberste Ebene des Time Expanders);"Time Expander – Fehlschuss endet häufig als SDTM; Locks können Bälle gefährlich auswerfen.";Für Matchplay: Dr. 6 wählen und zuerst 4× Playfield über 3 Loop-Rampen aufbauen. Wenn du die Loops nicht sicher triffst, lieber Dr. 2 für den schnelleren MB. Dr. 7 erst vor Target Mode aktivieren, da er dort zusätzliche Target-Treffer schenkt.
The Shadow;Sanctum (Scoop oben rechts, mit oberem Flipper spielbar);Wall (Mitte) treffen → Lock lit → Wall erneut treffen = Lock → insgesamt 3 Locks → Shadow MB;1. Lock ist zu Spielbeginn lit. Für jeden weiteren Lock die Wall (Mitte) 1× zusätzlich treffen, dann erneut zum Lock schießen.;Wall/Sanctum (Mitte, Magnet zieht den Ball hinter die Wall) (GameFAQs);Nach dem 3. Lock startet Shadow Multiball automatisch. (GameFAQs);Wall/Sanctum – Fehlschüsse führen häufig zu einem schnellen SDTM oder gefährlichen Magnet-Abprallern.;Im Matchplay nicht krampfhaft auf Shadow MB spielen. Gute Spieler erzielen oft schneller sichere Punkte über Rampen, Loop-Kombos und Khan Multiball. Shadow MB über die Wall ist riskant. (Reddit)
The Getaway;Freeway (linke oder rechte Außenbahn, je nach leuchtender Lane);1. Gang = 1 RPM-Shot → SHIFT → 2. Gang = 2 RPM-Shots → SHIFT → 3. Gang = 3 RPM-Shots = Video Mode → 4. Gang = 4 RPM-Shots = Supercharger → 5. Gang = 5 RPM-Shots = Redline Mania;Run the Red Light: Grün → Gelb → Rot (je 3 Stoplights) = Lock lit;Linke Schleife oder innerer linker Loop (LOCK-Lampe);Nach dem 3. Lock startet der 3-Ball-Multiball automatisch;Supercharger-Eingang (rechts) – Fehlschüsse kommen oft schnell zur rechten Flipperseite zurück;"Immer sofort schalten, wenn „SHIFT GEARS“ leuchtet – sonst sammelst du keine weiteren RPM. Für Matchplay sind Video Mode (3. Gang) und Redline Mania oft der schnellste Weg zu viele sichere Punkte; Multiball lohnt sich, wenn die Stoplights ohnehin weit fortgeschritten sind. (gamefaqs.gamespot.com)"
The Addams Family;Obere Skillshot-Lane (beim Abschuss);Linke Rampe oder Bear Kick (Mitte) → Electric Chair (Loch über linker Flipper) für Mansion Room → Rampe → Chair → wiederholen. Für MB: GREED (5× Bookcase) → Vault öffnet → 2 Bälle locken.;GREED = 5× Bookcase (Buchregal oben Mitte);Vault (hinter dem geöffneten Bookcase oben Mitte) oder Thing Eject (oben links) – erster MB (GameFAQs);Electric Chair (rotes Licht) oder Vault (oben Mitte), nachdem 2 Bälle gelockt sind (Pinball FX Wiki);Train Wreck/Vault (oben Mitte) – Fehlschüsse können gefährlich zur rechten Outlane zurückkommen. Thing-Flipper ebenfalls mit Vorsicht. (Reddit);Im Matchplay nicht auf Tour the Mansion warten. Die sichere Standardstrategie ist: Rampe → Chair → Rampe → Chair. So sammelst du schnell Mansion Rooms und konstante Punkte. Multiball nur mitnehmen, wenn GREED ohnehin fast komplett ist. (Reddit)
Fish Tales;Caster's Club (Loch oben Mitte, über linker Rampe);Long Cast (rechter Orbit) → Captive Ball (Mitte) für Awards (Video Mode/Instant MB) → Caster's Club (oben Mitte) 3× locken → Multiball;Drop-Target vor dem Caster's Club treffen (wenn oben), dann 3 Locks im Caster's Club (arcarc.xmission.com);Caster's Club (Loch oben Mitte) → Ball wird in der Fishing Reel gelockt (pinballgx.net);Nach dem 3. Lock startet der 3-Ball-Multiball automatisch;"Caster's Club – enger Schuss; Fehlschuss läuft oft gefährlich zur rechten Flipperseite";"Für Matchplay sind Long Cast → Captive Ball sehr sichere Punkte. Wenn ""Instant Multiball"" als Captive-Ball-Award verfügbar ist, unbedingt mitnehmen. Ansonsten ist der Caster's Club-Multiball der schnellste Weg zu einem guten Score. (Coin Operator Shop)"
Guns N' Roses (JJP, 2020);Skillshot: beleuchtete Top-Lane treffen. Super Skillshot: linken Flipper halten und den angezeigten Song-/Stage-Shot direkt treffen.;Song starten → Band-Mitglieder und Album-Modi aufbauen → Noten (Notes) sammeln → Encore Multiball oder einen frühen Song-Multiball erreichen. Möglichst Song und Multiball stacken.;Je nach Multiball mehrere Stage-/Lock-Shots treffen (typisch 3 Locks für den ersten Song-Multiball).;Virtuelle Locks über die leuchtenden Stage-/Rampen-Shots (kein physischer Ball-Lock).;Über den jeweils leuchtenden Stage-/Center-Shot, sobald alle Locks gesammelt wurden.;Center Scoop / Stage-Shot – Fehlschüsse kommen häufig schnell auf den rechten Flipper oder Richtung Spielfeldmitte zurück.;"Im Matchplay früh einen Song starten und diesen mit dem ersten Multiball kombinieren. Songs bringen den Großteil der Punkte; Sammelaufgaben und Album-Fortschritt lohnen sich meist erst in längeren Partien. Noten (Notes) möglichst nebenbei einsammeln und keine riskanten Schüsse nur für kleine Awards erzwingen."
Legends of Valhalla Deluxe;Blinkende Rampe (links/rechts) nach dem Abschuss;3 violette Standup-Targets (links neben dem kleinen Flipper) → LOCK lit → Wikinger-Schiff (oben Mitte) locken → 3 Locks → War at Sea MB;3 violette Standup-Targets = Lock lit (oder Mystery-Award);Wikinger-Schiff (oben Mitte);Nach dem 3. Lock startet War at Sea MB automatisch;Rampe zum Schiff – Fehlschüsse und der Kraken-Magnet können den Ball unkontrolliert zurückbringen;War at Sea ist der schnellste sichere Multiball. Locks möglichst während eines Battles sammeln, da Multiballs mit Battles gestackt werden können. Raider- und Viking-Raid-Aufbau lohnt sich meist erst in längeren Spielen. (Tilt Forums)
Guns N' Roses (Data East);Kickback-Award beim Ballstart wählen (Add Band Member bevorzugen);Bandmitglieder sammeln → 6 Bandmitglieder komplett → GNR-Multiball starten → Jackpots über Rampen sammeln;6 Bandmitglieder sammeln (Axl, Slash, Duff, Izzy, Matt, Dizzy);Kein klassischer Ball-Lock;Backstage Pass / GNR-Multiball über den Up-Kicker (oben Mitte);Linke GNR-Rampe – Fehlschüsse kommen oft hart zur rechten Flipperseite zurück;Immer „Add Band Member“ wählen, wenn möglich. Das ist der schnellste Weg zum Multiball. Nicht lange auf Songs oder Bonusfeatures spielen – der frühe Multiball bringt im Matchplay meist die sichersten Punkte.
Star Wars (Data East);Rampe (Mitte) direkt nach dem Abschuss;Rampen schießen → Death Star (gelbes Target unter der drehenden Todesstern-Kugel) treffen → Lock lit → Ball in Death Star locken → 3 Locks → Tri-Ball;"Death Star (gelbes Target unter der Kugel) treffen = Lock lit; insgesamt 3 Locks";Death Star (unter der drehenden silbernen Kugel oben rechts);Nach dem 3. Lock startet Tri-Ball automatisch;Death-Star-Target – Fehlschüsse prallen oft sehr schnell zurück (SDTM-Gefahr) (Reddit);Bei neuerem Code ist Death Star/Tri-Ball die beste Matchplay-Strategie. Bei älterem Code war die Mittelrampe extrem wertvoll. Prüfe beim Einschalten möglichst die Softwareversion. (Reddit)
The X-Files;Mulder (rechts) und Scully (links) beim Ballstart mit den Flipperknöpfen auswählen;Aktenkabinett (Mitte) 5× treffen → oberste Schublade öffnet → Ball ins Aktenkabinett schießen → Multiball → linke Rampe für Jackpots;Aktenkabinett 5× treffen (Standardeinstellung);Aktenkabinett (beweglicher Aktenschrank in der Mitte);Ball in die geöffnete obere Schublade des Aktenschranks;Aktenkabinett – der Magnet vor dem Schrank lenkt Fehlschüsse oft gefährlich Richtung Outlane oder SDTM ab;Für Matchplay ist der Multiball der sicherste Weg zu vielen Punkten. Die X-Files-Episoden sind oft zeitkritisch und riskanter. Nutze im Multiball zuerst die linke Rampe für Jackpot 1 und 2, danach die rechte Rampe für den Double Jackpot.
Whirlwind;"""FEEL THE POWER""-Drop Targets (3 Targets links oben) beim Abschuss treffen";Leuchtende Himmelsrichtungs-Targets (NE/NW/SE/SW) treffen → LOCK leuchtet → Ball über rechte Skyway-Rampe locken → erneut Richtungs-Targets → 2. Lock → 3-Toll-Rampe (linke Rampe vom oberen Flipper) = Multiball;Alle leuchtenden Richtungs-Targets (Kompass in der Mitte) treffen → Lock lit. Nach jedem Lock neue Targets.;Skyway-Rampe (rechte Rampe, Ball wird oben rechts gehalten) (GameFAQs);3-Toll-Rampe (linke Rampe vom oberen rechten Flipper) oder 3. Lock (GameFAQs);3-Toll-Rampe – Fehlschüsse vom oberen Flipper können schnell zur rechten Flipperseite zurückkommen;Für Matchplay: Möglichst früh Multiball starten. Die 3-Toll-Rampe ist während des Multiballs extrem wertvoll (Million Plus) und oft der schnellste Weg zu vielen sicheren Punkten. Quick Multiball mitnehmen, wenn er sich ohne Umweg ergibt. (GameFAQs)
Diner;Jukebox (oben rechts) – 150k-Lampe treffen;Rechte Cup-Rampe (öffnet Lock) → linke Cash-Register-Rampe = Ball locken → Spinner (linker Orbit) → oberer linker Saucer = Multiball → Drop-Targets für Kunden → Dine-Time;1× rechte Cup-Rampe = Lock geöffnet (GameFAQs);Linke Cash-Register-Rampe (unter die angehobene Rampe) (GameFAQs);Spinner (linker Orbit) → oberer linker Saucer (GameFAQs);Today's Special (Loch rechts unten) – Fehlschüsse laufen oft gefährlich zur rechten Outlane (GameFAQs);Im Matchplay möglichst früh den einfachen Multiball holen. Während des Multiballs zuerst die Drop-Targets für die Kunden abräumen und Dine-Time vorbereiten. 500k-Rampen sind zweitrangig. (GameFAQs)
Terminator 2: Judgment Day;Mit der Kanone das blinkende Skillshot-Target in der 5er-Targetbank (Mitte) treffen;Drop-Target unter dem T2-Kopf (Mitte) treffen → Ball im Skull (links unten) locken → 2 Locks → Kanone laden → blinkendes Target treffen = Multiball;Drop-Target unter dem T2-Kopf treffen = Lock lit. Insgesamt 2 Locks bis MB.;Skull (links unten hinter dem Drop-Target);Mit der Kanone das blinkende Target treffen;Drop-Target unter dem T2-Kopf – Fehlschüsse enden oft SDTM;Der Multiball ist die sicherste Matchplay-Strategie. Nach dem MB sofort den linken Loop für den Jackpot spielen. Wenn du die Kanone sicher beherrschst, lohnt sich der frühe MB mehr als ein langer Aufbau über Security Levels.
Jack*Bot;Blinkende Skillshot-Lane (oben beim Abschuss);Cashpot (linke Rampe) sammeln → Casino (Scoop oben Mitte) für Spielmodus → Visor (5 Klappziele Mitte) komplett → Eye-Eject (Visor) locken → 2 Locks → Multiball;Visor (5 Klappziele) komplett = 1 Lock lit. Insgesamt 2 Locks bis MB.;Eye-Eject (Mitte, hinter den geöffneten Visor-Zielen);Nach dem 2. Lock startet Multiball automatisch;Visor-Ziele – Fehlschüsse können direkt mittig (SDTM) zurückkommen;Im Matchplay sind Cashpot und Quick Multiball meist die sicherste Strategie. Casino-Modi nur spielen, wenn sie sich ohne großen Umweg ergeben. Die Visor-Ziele möglichst kontrolliert treffen – kein Draufhalten.*
Road Show;Blinkende Einlaufbahn (oben beim Abschuss);Linke Rampe (Work Site) → rechte Rampe (Work Site) → Bulldozer (Mitte) für CITY wechseln → 3× Bulldozer = Lock lit → Ball in Reds Mund (rechts) oder Teds Mund (links) locken → 2 Locks → Multiball;3× Bulldozer (Mitte) = Lock lit. Insgesamt 2 Locks bis MB.;Reds Mund (Kopf rechts) oder Teds Mund (Kopf links), je nach leuchtendem Lock;Nach dem 2. Lock startet der Multiball automatisch;Bulldozer (Mitte) – Fehlschüsse kommen häufig direkt zwischen die Flipper (SDTM);Im Matchplay zuerst die Work Sites über die Rampen abschließen. Wenn der Bulldozer sicher läuft, den schnellen Multiball mitnehmen. Riskante Schüsse auf die Köpfe vermeiden, solange der Ball nicht unter Kontrolle ist.
FunHouse;Ball so abschießen, dass er oben im Loop stehen bleibt und rückwärts in Rudy's Hideout (Kicker hinter Rudys Kopf) rollt;Uhr von 8:00 auf 11:30 bringen (Center Ramp, Trap Door, Hidden Hallway, Jets usw.) → Hidden Hallway (links oben) 1× locken = 11:45 → Hidden Hallway 2× locken = 12:00 (Rudy schläft ein) → Ball in Rudys geöffneten Mund (Mitte rechts) = Midnight Multiball;Bei 11:30 ist der Hidden Hallway (links oben) freigeschaltet. Insgesamt 2 Locks bis Mitternacht.;Hidden Hallway (links oben, hinter dem Gangway-Schuss);Rudys geöffneter Mund (Mitte rechts), nachdem die Uhr 12:00 erreicht hat;Schüsse auf Rudys Mund werden häufig abgewiesen und können gefährlich zur rechten Outlane laufen.;Im Matchplay nicht jedem Feature hinterherlaufen. Konzentriere dich darauf, die Uhr möglichst schnell auf Mitternacht zu bringen und den Midnight Multiball zu starten. Schüsse auf Rudys Mund nur aus kontrollierter Balllage – gebrickte Mouth-Shots kosten häufig den Ball.
Jurassic Park Pro;Skillshot über die beleuchtete Inlane oder direkt den Tower (oben Mitte), je nach Einstellung;Control Room (linke Rampe) → Truck (rechte Rampe) → Helipad (Orbit rechts) → Capture Shot am Truck (Mitte rechts) → Dinosaurier fangen → 1 Dino fangen = CHAOS Multiball qualifiziert → Truck erneut treffen = MB starten;1 Dinosaurier vollständig fangen (Control Room → Truck → Helipad → Capture Shot);Kein klassischer Ball-Lock – der Multiball wird über das Abschließen des Dino-Catches qualifiziert.;Truck (Mitte rechts) bei leuchtendem CHAOS Multiball;Capture Shot am Truck – Fehlschüsse prallen häufig schnell zur rechten Flipperseite oder SDTM zurück.;Im Matchplay möglichst schnell den ersten Dinosaurier fangen und sofort den CHAOS Multiball starten. Nebenmissionen und Paddocks kosten oft mehr Zeit als sie einbringen. Kontrollierte Rampenschüsse sind deutlich wertvoller als riskante Truck-Versuche aus schlechter Balllage.
24;Blinkende obere Lane beim Abschuss treffen;Linke Rampe (links) = Suitcase qualifizieren → rechte Rampe (rechts) = Ball im Koffer locken → insgesamt 3 Locks → Suitcase Multiball → Rampen für Jackpots;1. Multiball: 1× linke Rampe qualifiziert alle 3 Locks. Danach müssen vor jedem Lock erneut linke Rampenschüsse gemacht werden. (pinballnews.com);Rechte Rampe (rechts oben) – Ball wird im geöffneten Koffer (Suitcase) gelockt (pinballnews.com);Nach dem 3. Ball-Lock startet der Suitcase Multiball automatisch (pinballnews.com);Safe House (links oben) und Sniper House (rechts oben) – Fehlschüsse können unkontrolliert auf die Flipper zurückprallen;Im Matchplay ist der Suitcase Multiball die stärkste und einfachste Strategie. Linke und rechte Rampe wiederholt spielen und Missionsmodi weitgehend ignorieren. Die Rampen sind sicher und liefern schnell konstante Punkte. (pinballnews.com)
Black Rose;Blinkende Skillshot-Lane (oben beim Abschuss);Kanonen-Füllstand über Rampen und Orbits erhöhen → Broadside (Kanonenkugel-Duell) starten → 3 Broadside-Treffer → Lock leuchtet → Ball über die Captain's Chair (links oben) locken → 2 Locks → Multiball;3× Broadside (Kanonenschüsse auf das gegnerische Schiff) bis LOCK leuchtet.;Captain's Chair (links oben, VUK hinter der linken Rampe);Nach dem 2. Ball-Lock startet der Multiball automatisch;Broadside-Schuss (Mitte) – Fehlschüsse können direkt mittig zurück auf die Flipper kommen;Im Matchplay möglichst früh den Multiball holen. Rampen und Orbits bauen die Kanone sicher auf und bringen nebenbei Punkte. Ship-Features und Nebenmodi sind meist weniger effizient als ein schneller Multiball.
Party Zone;"""?""-Door Prize (Rollover rechts neben den B-O-P-Lanes oben)";Comic Saucer (oben rechts) für Comic-Award → Cosmic Cottage (rechts oben) für Party Pass → Party Dudes sammeln → Happy Hour Multiball → während MB Rampe (links) für Jackpots, Comic Saucer und Back-2-Bop für Rocket Fuel → Big Bang über die Rampe;Kein klassisches Lock. Für den ersten Happy Hour Multiball müssen die Party Pässe bis „Party Dudes“ gesammelt werden.;Cosmic Cottage (rechte Lane oben rechts, Ball wird dort für den Multiball gehalten);Nach dem letzten Party Pass startet der Happy Hour Multiball automatisch.;Payoff-Lane (rechts) – Fehlschüsse können durch die Bumper direkt zwischen die Flipper zurücklaufen.;Im Matchplay ist der Happy Hour Multiball das Hauptziel. Während des Multiballs fast ausschließlich die Rampe für Jackpots spielen. Comic Saucer und Back-2-Bop nur nutzen, um Rocket Fuel zu erhöhen und anschließend den Big Bang mitzunehmen.
Indiana Jones;Skillshot über die beleuchtete obere Lane beim Abschuss;Mode am Idol (Mitte) starten → 12 Adventure Shots (Rampen, Orbits, Saucer) abschließen → Mode beenden → 3 Mode-Siege = Multiball qualifiziert → Idol (Mitte) schießen = Multiball;Kein klassischer Ball-Lock. Drei erfolgreich abgeschlossene Modi qualifizieren den Multiball. (pinball.org);–;Idol (Mitte, vor dem Kopf) bei leuchtendem Multiball;Idol (Mitte) – Fehlschüsse prallen häufig direkt zwischen die Flipper zurück (SDTM);Im Matchplay sind einfache Modi wie Raiders, Well of Souls oder Path of Adventure meist die sichersten Punkte. Den Multiball mitnehmen, wenn er sich natürlich ergibt – nicht auf den Wizard Mode spielen. Kontrollierte Rampenschüsse sind deutlich sicherer als wiederholte Idol-Versuche.
Bram Stoker's Dracula;Blinkende obere Lane beim Abschuss treffen;Särge (3 Drop-Targets links) komplett → Ball in den Castle Lock (oben links) → insgesamt 3 Locks → Mist Multiball starten → linke Rampe für Jackpots;3 Sarg-Targets (links) komplett = 1 Lock lit. Für den ersten Multiball insgesamt 3 Locks.;Castle Lock (oben links, hinter den Sarg-Targets);Nach dem 3. Lock startet der Mist Multiball automatisch.;Sarg-Targets – harte Abpraller gehen oft direkt mittig oder zur linken Outlane.;Im Matchplay ist der Mist Multiball fast immer die beste Wahl. Die Sarg-Targets kontrolliert aus dem linken Flipper schießen und den Castle Lock konsequent nutzen. Rats, Bats und lange Feature-Wege bringen meist weniger als ein früher Multiball.
Johnny Mnemonic;Blinkende obere Lane beim Abschuss treffen;Crazy Bob's (Scoop links oben) schießen → ersten Cyberlock qualifizieren → Start Mode (Mitte) oder Bob's Bunker erneut für weitere Locks → 3 Cyberlocks → Dataglove-Award wählen und Ball locken → Multiball → beleuchtete Jackpots spielen;3 Cyberlocks insgesamt. Der erste wird über Crazy Bob's qualifiziert, weitere über Start Mode/Bob's Bunker.;Cyberlock (Center Lane, Spinner Lane oder rechter Loop – jeweils grün/blinkend). Der Ball wird anschließend mit der Dataglove in die Matrix zum Lock abgelegt.;Nach dem 3. Ball-Lock startet der Multiball automatisch.;Center Lane (Mitte unter der Hand) – Fehlschüsse können sehr schnell SDTM zurückkommen.;Im Matchplay möglichst früh den Multiball holen. Beim Locken möglichst drei Bälle in einer Reihe der Matrix platzieren – dadurch werden die Jackpots im Multiball vervielfacht. Modi nur mitnehmen, wenn sie auf dem Weg liegen.
Demolition Man;Blinkende obere Lane beim Abschuss treffen;Cryo-Claw (Mitte) aktivieren → Ball mit der Cryo-Claw aufnehmen → 3 Balls im Cryo Prison locken → Multiball → linke und rechte Rampe für Jackpots;Kein separates Qualifizieren. Die Cryo-Claw muss den Ball insgesamt 3× ins Cryo Prison setzen.;Cryo Prison (oben Mitte) – Ball wird von der Cryo-Claw aufgenommen und ins Gefängnis gelegt;Nach dem 3. Lock startet der Multiball automatisch;Cryo-Claw (Mitte) – Fehlschüsse auf den Magneten oder das Loch können unkontrolliert mittig zurückkommen;Im Matchplay ist der Cryo Multiball meist die schnellste und sicherste Strategie. Die Rampen sind deutlich sicherer als riskante Schüsse auf die Standup-Targets. Während des Multiballs zuerst die Rampen für Jackpots spielen und Nebenmodi weitgehend ignorieren.
Foo Fighters Pro;Drop-Targets (unten links) oder Rock-O-Meter-Lane (ganz rechts oben) beim Abschuss;Overlord (Mitte) treffen bis LOCK leuchtet → Ball im Overlord (Mitte) locken → Overlord-Captive-Ball 3× treffen → Overlord Multiball (Kineticist);Overlord (Mitte) mehrfach treffen, bis LOCK leuchtet. (Kineticist);Overlord (Mitte, großes Alien-Maul/Captive-Ball-Bereich) (Kineticist);Nach dem Lock den Overlord-Captive-Ball 3× treffen (Kineticist);Overlord (Mitte) – Fehlschüsse kommen oft schnell und mittig auf die Flipper zurück.;Im Matchplay ist der erste Overlord Multiball der einfachste Weg zu Punkten. Area 51 (rechte Rampe 5×) ist ebenfalls stark, benötigt aber mehr Aufbau. Van Modes nur starten, wenn sie sich ohne Umweg ergeben. (webuypinball.com)
STTNG (Star Trek next Generation);"Im Turnier meist ""Bonus X"" oder ""Warp"" über die Kanone wählen und treffen (GameFAQs)";"Rechter Orbit (rechts) = LOCK leuchtet → rechter Orbit erneut = Ball locken → insgesamt 3 Locks → beim 3. Lock Borg Multiball → mit der linken Kanone 3× auf ""Start Mission"" (Mitte) schießen → danach linke Rampe für Triple Jackpots ";Rechter Orbit schießen, um LOCK zu aktivieren. Insgesamt 3 Ball-Locks (der 3. muss über den rechten Orbit erfolgen). (GameFAQs);"Rechter Orbit (oben rechts zum Borg-Schiff); der linke Rampen-Lock funktioniert nur für den 1. und 2. Lock. (GameFAQs)";Nach dem 3. Lock startet der Borg Multiball automatisch.;"Rechter Orbit – Fehlschüsse können über die Outlanes sehr teuer werden; STTNG ist für seine gefährlichen Outlanes bekannt.";"Im Matchplay ist der Borg Multiball die stärkste Standardstrategie. Vor den ersten freien Schüssen im Multiball unbedingt die drei Kanonenschüsse auf ""Start Mission"" mitnehmen – sie erhöhen den Jackpot erheblich. Danach konsequent linke Rampe und Mission Start für Jackpots spielen. (GameFAQs)"
Rush Pro;Blinkende obere Lane oder Instrument-Lane (hinter den Drop-Targets), je nach Skillshot-Auswahl;LITE- & LOCK-Targets (2 Standup-Targets rechts neben der rechten Rampe) komplett → rechte Rampe (rechts) = Lock qualifizieren → Side Scoop (links oder rechts oben) = Ball locken → 2 Locks → Side Scoop = Far Cry Multiball (Flipper & Jukebox Fachhandel);Für den 1. Far Cry MB: Beide LITE/LOCK-Targets für jeden Lock treffen. Danach wird zusätzlich die rechte Rampe benötigt. (Flipper & Jukebox Fachhandel);Side Scoop (links oben oder rechts oben, je nach leuchtendem Lock) (Flipper & Jukebox Fachhandel);Nach dem zweiten Lock den leuchtenden Side Scoop schießen (Flipper & Jukebox Fachhandel);LITE/LOCK-Targets neben der rechten Rampe – harte Abpraller können gefährlich zur rechten Outlane laufen.;Im Matchplay ist der Far Cry Multiball meist der schnellste und sicherste Weg zu Punkten. Instrument-Drop-Targets und Time-Machine-Aufbau sind riskanter. Nutze eine Ball Save möglichst für die LITE/LOCK-Targets und konzentriere dich anschließend auf den schnellen Multiball. (Flipper & Jukebox Fachhandel)
Taxi;SPINOUT (oben links nach dem Abschuss) – idealerweise 25k + Passagier oder 50–100k stoppen;Passagiere einsammeln: Gorby (rechte Rampe), Pinbot (links), Santa (Drop-Targets links), Dracula (Loch rechts), Lola (linke Rampe) → alle 5 Passagiere = Jackpot leuchtet → Joyride (Loch rechts) für Jackpot (GameFAQs);Kein Lock qualifizieren – ein Lock ist jederzeit möglich.;Express Lock (Loch rechts neben Dracula);Nach einem gelockten Ball die linke Rampe (links) mit dem nächsten Ball schießen = Multiball;Linke Rampe – nicht sauber getroffene Schüsse rollen oft gefährlich auf den rechten Flipper zurück. (GameFAQs);Im Matchplay ist der Jackpot über die Passagiere meist deutlich mehr wert als der frühe Multiball. Nimm den Lock mit, wenn er sich ergibt, aber konzentriere dich vor allem auf das schnelle Einsammeln aller fünf Passagiere und den Jackpot im Joyride. (GameFAQs)
Black Knight: Sword of Rage Pro;Beleuchtete obere Lane treffen. Super Skillshot: linken Flipper halten und einen der 3 Mittelschüsse (Flail, Rampe oder Shield) treffen. (Tilt Forums);LIGHT LOCK-Target (kleines Standup rechts neben dem Schild) treffen → Shield-Scoop (Mitte rechts hinter dem hochgefahrenen Schild) = Ball locken → insgesamt 3 Locks → Triple Knights Challenge Multiball → linke Spinner-Bahn, Rampe und Shield-Scoop für Jackpots spielen. (Tilt Forums);"LIGHT LOCK-Target (rechts neben dem Schild) treffen. Nach jedem Lock muss LOCK erneut aktiviert werden; spätere Locks benötigen mehrere Treffer. (Tilt Forums)";Shield-Scoop (Mitte rechts hinter dem Schild) (Tilt Forums);Nach dem 3. Ball-Lock startet die Triple Knights Challenge automatisch. (Tilt Forums);Shield-Scoop und Flail-Schuss – Fehlschüsse können sehr schnell SDTM oder zur rechten Outlane laufen. (Reddit);Im Matchplay ist die Triple Knights Challenge die sicherste Strategie. Die Lock-Schüsse lassen sich gut backhand spielen und sind deutlich sicherer als hektische Modes. Ball möglichst kontrollieren, dann LIGHT LOCK → Shield-Scoop wiederholen. (Pinball for Mortals!)
Gilligan's Island;Top Hole (oben Mitte) beim Abschuss – rotiert zwischen Kickback, Spot Ingredient und Jungle Run 500k/1M (Kineticist);7 Zutaten sammeln (Targets, Orbits und Rampen) → VUK (rechts oben) = Lava Seltzer brauen → Jungle Run Rampe (große Rampe links) 5× für Kona → anschließend weiter Jungle Run für 50 Mio. pro Rampenschuss (Kineticist);–;–;Kein regulärer Multiball. Nur als seltener LAGOON-/Mystery-Award möglich. (Kineticist);Banana-Target (links neben der Jungle-Run-Rampe) – Rampenfehlschüsse treffen häufig dieses Target und laufen gefährlich zur rechten Flipperseite zurück. (Kineticist);Für Matchplay konsequent auf die Lava-Seltzer-Strategie spielen. Zutaten sammeln → VUK → Jungle Run. Nicht auf den zufälligen LAGOON-Multiball hoffen – der ist nicht planbar. (Kineticist)
Evel Knievel;Kein Skillshot;Drop-Targets (Mitte) komplettieren → beleuchtete Bonus-/Special-Lanes oben nutzen → Spinner (linker Orbit) mit beleuchtetem Wert spielen → Bonus möglichst hoch aufbauen;–;–;–;Mittlere Drop-Targets – harte Abpraller können direkt zwischen die Flipper zurückkommen.;Im Matchplay zählen Ballkontrolle und Bonus. Priorisiere die Drop-Targets, weil sie zuverlässig Punkte und Bonus bringen. Spinner nur schießen, wenn sein Wert beleuchtet ist. Specials und Extrabälle sind im Turnier in der Regel deaktiviert und können ignoriert werden.
Jackpot;Blinkende obere Lane beim Abschuss treffen;Rollovers und Rampen für JACKPOT-Buchstaben → Lock leuchtet → Ball über die rechte Rampe (rechts) locken → insgesamt 2 Locks → Casino-Scoop (oben Mitte) = Multiball → Rampen für Jackpots;JACKPOT-Buchstaben vervollständigen = Lock lit. Nach jedem Lock erneut qualifizieren.;Rechte Rampe (rechts oben, Ball wird gehalten);Casino-Scoop (oben Mitte) bei leuchtendem Multiball;Casino-Scoop (oben Mitte) – Fehlschüsse prallen häufig direkt auf den rechten Flipper zurück.;Im Matchplay möglichst schnell den Multiball holen. Rampen sind deutlich sicherer als riskante Schüsse auf Standup-Targets. Während des Multiballs konsequent die Rampen für Jackpots spielen und Nebenfeatures ignorieren.
KISS Pro;Blinkende obere Lane oder Demon-Shot (Mitte), je nach Skillshot-Auswahl;K-I-S-S-Drop-Targets (links) komplett → DEMON locken → Ball ins Demon-Maul (Mitte) → insgesamt 3 Locks → God of Thunder Multiball → Demon und Rampen für Jackpots (Stern Pinball);K-I-S-S-Drop-Targets (links) komplettieren. Nach jedem Lock erneut qualifizieren. Insgesamt 3 Locks. (Stern Pinball);Demon-Maul (Mitte des Spielfelds) (Stern Pinball);Nach dem 3. Lock startet der God of Thunder Multiball automatisch. (Stern Pinball);Demon-Maul (Mitte) – Fehlschüsse kommen häufig schnell und gerade zwischen die Flipper zurück (SDTM).;Im Matchplay ist der frühe God of Thunder Multiball die sicherste Strategie. Konzentriere dich auf die K-I-S-S-Targets und den Demon. Die Song-Modi kosten oft mehr Zeit als sie auf einem einzelnen Matchplay-Ball einbringen. (Stern Pinball)
Surf 'N Safari;Skillshot über die Pipeline (links oben). Zu harter Abschuss landet in den Popbumpern und bringt keinen Skillshot. (GameFAQs);Bonus-Grid aufbauen: Pipeline, Rapids, Boomerang, Splash und Whirlpool treffen → untere 3 Reihen oder komplette Rapids-Spalte = LOCK leuchtet → Pipeline (links oben) schießen → Multiball → beleuchtete Ziele treffen → Rapids (oben rechts) für Jackpot und Super Jackpot. (GameFAQs);LOCK wird durch die unteren drei Reihen des Bonus-Grids oder durch die komplette Rapids-Spalte qualifiziert. (GameFAQs);Pipeline (links oben) (GameFAQs);Nach dem Lock startet der Multiball automatisch. Mit Skillshot nach dem Lock gibt es sogar 3-Ball-Multiball. (GameFAQs);Pipeline (links oben) – Fehlschüsse können über die Bumper unkontrolliert zurück auf die Flipper laufen.;Für Matchplay möglichst schnell den Multiball holen. Danach sofort die zwei blinkenden Ziele treffen, um den Jackpot auf den Rapids (oben rechts) zu aktivieren. Super Jackpots sind der schnellste Weg zu hohen Punkten – Bonusrunden sind deutlich weniger effizient. (GameFAQs)
X-Men Pro;Abschuss ohne den Phoenix-Switch zu treffen = Skillshot (Tilt Forums);LIGHT LOCK-Targets (2 Standup-Targets rechts) treffen → Magneto-Orbit (rechter Orbit oben) = Ball locken → insgesamt 3 Locks → Magneto Multiball → Magneto (oben Mitte) und Rampen für Jackpots (Tilt Forums);LIGHT LOCK-Targets treffen. Insgesamt 3 Locks bis zum Magneto Multiball. (Tilt Forums);Magneto-Lock (rechter Orbit oben, Ball wird hinter Magneto gehalten) (Stern Pinball);Nach dem 3. Lock startet der Magneto Multiball automatisch. (Tilt Forums);Magneto-Orbit und Wolverine-Bash (Mitte links) – Abpraller können sehr schnell und unkontrolliert zurückkommen.;Im Matchplay ist der Magneto Multiball der sicherste Punktemacher. Hero- und Villain-Modi kosten meist zu viel Zeit. Konzentriere dich auf LIGHT LOCK → Magneto-Lock und spiele im Multiball konsequent die Jackpot-Schüsse. (Tilt Forums)
Godzilla Pro;Blinkende obere Lane oder Brücke (Bridge, links Mitte) für Super Skillshot;Bridge (links Mitte) mehrfach treffen → Brücke zerstören → Ball über die Brücke in das Gebäude (Building, oben Mitte) schießen → 2 Locks → Building Multiball → Gebäude und Rampen für Jackpots;Brücke (Bridge links Mitte) so oft treffen, bis sie einstürzt. Danach ist das Building (oben Mitte) zum Lock geöffnet. Insgesamt 2 Locks bis zum ersten Building Multiball. (tiltforums.com);Building (oben Mitte, hinter der eingestürzten Brücke) (tiltforums.com);Nach dem 2. Lock im Building startet der Building Multiball automatisch. (tiltforums.com);Bridge (links Mitte) – Fehlschüsse können hart zur rechten Flipperseite oder SDTM zurückprallen.;Für Matchplay ist der erste Building Multiball fast immer die beste Wahl. Konzentriere dich auf Bridge → Building → Locks. Kaiju-Battles und längere City-Modi kosten häufig mehr Zeit als sie auf einem Matchplay-Ball einbringen. Während des Multiballs zuerst die beleuchteten Jackpots über Rampen und Building einsammeln.
Star Trek LE;Blinkende obere Lane oder Vengeance (Mitte) für Super Skillshot;Vengeance-Targets (3 Drop-Targets Mitte) komplett → Vengeance (Mitte) treffen → Ball im Vengeance-Lock locken → insgesamt 3 Locks → Vengeance Multiball → Vengeance und Rampen für Jackpots;3 Vengeance-Drop-Targets (Mitte) komplettieren. Danach ist der Lock aktiv. Insgesamt 3 Locks bis zum ersten Multiball. (tiltforums.com);Vengeance (Mitte, hinter den geöffneten Drop-Targets) (tiltforums.com);Nach dem 3. Lock startet der Vengeance Multiball automatisch. (tiltforums.com);Vengeance-Drop-Targets (Mitte) – Fehlschüsse können direkt SDTM oder zur rechten Outlane zurückprallen.;Im Matchplay ist der Vengeance Multiball die stärkste Standardstrategie. Konzentriere dich auf die Vengeance-Drop-Targets und den Lock. Die Planeten-Modi nur starten, wenn sie sich ohne Umweg ergeben – der frühe Multiball liefert meist schneller und sicherer Punkte.
Jurassic Park Premium;Blinkende Inlane oder Tower (oben Mitte), je nach Skillshot-Auswahl;Control Room (linke Rampe) → Truck (rechte Rampe) → Helipad (rechter Orbit) → Capture Shot am Truck (Mitte rechts) → 1 Dinosaurier fangen → CHAOS Multiball qualifiziert → Truck (Mitte rechts) schießen = Multiball;1 Dinosaurier vollständig fangen (Control Room → Truck → Helipad → Capture Shot). (tiltforums.com);Kein klassischer Ball-Lock. Der Multiball wird durch das Abschließen eines Dino-Catches qualifiziert.;Truck (Mitte rechts) bei leuchtendem CHAOS Multiball. (tiltforums.com);Capture Shot am Truck – Fehlschüsse können schnell auf den rechten Flipper oder SDTM zurückkommen.;Wie beim Pro ist der erste CHAOS Multiball der schnellste Weg zu sicheren Punkten. Die Premium-Version bietet zusätzlich das bewegliche Raptor Pen, aber im Matchplay lohnt sich meist der direkte Weg über den ersten Dino zum Multiball. Nebenmissionen und Paddocks nur mitnehmen, wenn sie sich auf dem Weg ergeben.
Flash Gordon;Kein Skillshot;Inline-Drop-Targets (Mitte) komplettieren → obere Drop-Targets (oben rechts) komplettieren → Spinner (linker Orbit) bei Beleuchtung spielen → Bonus-X und Bonus aufbauen;–;–;–;Inline-Drop-Targets (Mitte) – harte Abpraller können direkt SDTM zurückkommen.;Im Matchplay sind die Inline-Drop-Targets die wichtigste Punktequelle. Spinner nur spielen, wenn sein Wert erhöht ist. Da es keinen Multiball oder große Features gibt, zählt vor allem Ballkontrolle und Bonus sichern. Specials und Extrabälle sind im Turnier normalerweise ohne Wert.
Eight Ball;Kein Skillshot;1–7 Kugeln (Drop-Targets links und rechts) vervollständigen → 8-Ball (Target oben Mitte) treffen → Bonus-X erhöhen → Spinner (linker Orbit) bei Beleuchtung spielen;–;–;–;8-Ball-Target (oben Mitte) – Fehlschüsse prallen häufig mittig zurück.;Im Matchplay zuerst die Drop-Targets kontrolliert abbauen. Die 8-Ball erst schießen, wenn sie leuchtet. Spinner nur nutzen, wenn sein Wert erhöht ist. Da es keine Modi oder Multiballs gibt, entscheiden Ballkontrolle und ein hoher Bonus über das Ergebnis.
Mata Hari;Kein Skillshot;Inline-Drop-Targets (Mitte) komplettieren → linke und rechte Drop-Targets abräumen → beleuchteten Spinner (linker Orbit) spielen → Bonus-X und Bonus erhöhen;–;–;–;Inline-Drop-Targets (Mitte) – harte Abpraller können direkt zwischen die Flipper zurückkommen (SDTM).;Im Matchplay haben die Inline-Drop-Targets höchste Priorität. Sie bringen die meisten Punkte und erhöhen den Bonus. Spinner nur schießen, wenn er beleuchtet ist. Specials und Extrabälle sind im Turnier normalerweise deaktiviert – Ballkontrolle ist wichtiger als aggressive Schüsse.
TRON: Legacy LE;Blinkende obere Lane oder Quorra-Shot (linke Rampe) für Super Skillshot;Disc Targets (3 Drop-Targets links) komplett → Disc (Mitte links) treffen → Gem (Mitte rechts) = LOCK leuchtet → Ball über den ENCOM-Scoop (oben rechts) locken → insgesamt 3 Locks → Portal (Mitte) = Multiball → Quorra-Rampe und Spinner für Jackpots;Disc Targets (links) komplettieren. Nach jedem Lock erneut qualifizieren. Insgesamt 3 Locks bis zum Light Cycle Multiball. (tiltforums.com);ENCOM-Scoop (oben rechts, bei leuchtendem LOCK) (tiltforums.com);Portal (Mitte, unter dem Recognizer) nach dem 3. Lock (tiltforums.com);Disc (Mitte links) und Gem (Mitte rechts) – Fehlschüsse können sehr schnell SDTM zurückkommen.;Im Matchplay ist der erste Light Cycle Multiball meist der sicherste Weg zu Punkten. Konzentriere dich auf Disc Targets → ENCOM-Lock. Gem- und Quorra-Modi nur mitnehmen, wenn sie sich ohne Umweg ergeben. Während des Multiballs zuerst die Quorra-Rampe und den Spinner für schnelle Jackpots spielen.
Wizard;Kein Skillshot;Drop-Targets (links und rechts) komplettieren → beleuchtete Spinner (linker Orbit) spielen → obere Rollovers vervollständigen → Bonus-X und Bonus erhöhen;–;–;–;Drop-Targets – Fehlschüsse können hart zur Mitte zurückprallen und den Ball unkontrolliert machen.;Im Matchplay stehen die Drop-Targets an erster Stelle. Sie bringen zuverlässig Punkte und erhöhen den Bonus. Den Spinner nur schießen, wenn er beleuchtet ist. Specials und Extrabälle sind im Turnier normalerweise ohne Wert – lieber den Ball kontrollieren und den Bonus nach Hause bringen.
Hurricane;Cyclone Ramp (linke Rampe) beim Abschuss für den Skillshot;Hurricane-Rampe (links) und Ferris Wheel (rechts) spielen → 3× Ferris Wheel = LOCK leuchtet → Ferris Wheel (rechts) = Ball locken → insgesamt 2 Locks → Hurricane Ramp (links) = Multiball → Hurricane-Rampe für Jackpots;Ferris Wheel (rechts) 3× treffen = LOCK leuchtet. Nach jedem Lock erneut qualifizieren.;Ferris Wheel (rechts oben, Ball wird im Riesenrad gehalten);Hurricane-Rampe (linke Rampe) bei leuchtendem Multiball;Ferris Wheel (rechts) – Fehlschüsse laufen oft gefährlich über den rechten Flipper Richtung Outlane.;Im Matchplay möglichst früh den Multiball holen. Die Hurricane-Rampe ist sicherer als viele Standup-Targets und bringt während des Multiballs die schnellen Jackpots. Nebenfeatures wie Tunnel of Love oder Lite Millions sind meist zweitrangig.
Grand Slam;Obere rechte Einlaufbahn – GRAND, SLAM oder HOMER mitnehmen (Silverball Rules);Single-Gate (links Mitte) → Double (oben links mit oberem Flipper) → Triple (6 Standup-Targets oben) → bei geladenen Bases auf Home Run (Standup-Targets neben den Popbumpern oben Mitte) spielen (Kineticist);–;–;–;Die Saucers für 1st, 2nd und 3rd Base (oben) – Rimm-Outs führen oft zu unkontrollierten Abprallern. (Kineticist);Im Matchplay nicht krampfhaft die Bases laden. Singles, Doubles und Triples ergeben sich oft nebenbei. Sind die Bases voll, sofort den Home-Run-Schuss nehmen – das ist der größte Punktesprung. Die oberen Flipper-Schüsse sind wertvoll, aber nur aus kontrollierter Balllage spielen. (Kineticist)
White Water;Blinkende obere Lane (Insanity Falls Skillshot) beim Abschuss treffen;Rafts sammeln (linke Rampe, rechte Rampe, Bigfoot Bluff usw.) → LOCK leuchtet → Whirlpool (Loch oben Mitte) = Ball locken → insgesamt 3 Locks → Whirlpool erneut = Multiball → linke Rampe (Insanity Falls) und Whirlpool für Jackpots;5 Rafts sammeln = 1 Lock lit. Insgesamt 3 Locks bis zum Multiball. (pinball.org);Whirlpool (Loch oben Mitte) (pinball.org);Whirlpool (oben Mitte) nach dem 3. Lock (pinball.org);Whirlpool (oben Mitte) – Fehlschüsse können über die rechte Seite sehr unangenehm zurücklaufen. Auch Bigfoot-Bluff (oben rechts) ist riskant.;Im Matchplay ist der erste Multiball die sicherste Strategie. Spiele kontrolliert auf die Rafts und nutze den Whirlpool für die Locks. Riskante Versuche auf den Bigfoot-Hotfoot-Modus lohnen sich meist weniger als ein schneller Multiball. Während des Multiballs zuerst die linke Rampe (Insanity Falls) für die Jackpots spielen.
Locomotion;Kein Skillshot;A-B-C-D-Rollovers (oben) vervollständigen → Drop-Targets (Mitte) komplettieren → beleuchtete Spinner (linker Orbit) spielen → Bonus-X und Bonus aufbauen;–;–;–;Drop-Targets (Mitte) – harte Abpraller können direkt zwischen die Flipper zurückkommen.;Im Matchplay zählen Ballkontrolle und Bonus. Zuerst die Drop-Targets spielen, anschließend den Spinner nur nutzen, wenn er beleuchtet ist. Specials und Extrabälle sind im Turnier normalerweise deaktiviert und können ignoriert werden.
Cyclone;Comet-Rampe (rechte Rampe) direkt nach dem Abschuss erneut treffen = Skillshot;Comet-Rampe (rechte Rampe) mehrfach schießen → Millions aufbauen → 3 Rampenschüsse innerhalb des Timers = Jackpot → Ferris Wheel (oben links) bei Beleuchtung mitnehmen → Boomerang-Hole (unten links) für Bonus-X;–;–;– (Cyclone hat keinen Multiball);Comet-Rampe (rechts) – Fehlschüsse laufen häufig schnell auf den linken Flipper zurück und können unkontrolliert werden.;Im Matchplay ist die Comet-Rampe der Schlüssel. Wiederholt die rechte Rampe spielen, um Millions und den Jackpot aufzubauen. Das Ferris Wheel nur mitnehmen, wenn es leuchtet. Da es keinen Multiball gibt, sind Ballkontrolle und sichere Rampenschüsse deutlich wichtiger als riskante Bonus-Features.
World Poker Tour;Blinkende obere Lane oder Poker-Target beim Abschuss;Poker Hands (Targets und Rampen) sammeln → ALL-IN-Target (Mitte) treffen bis LOCK leuchtet → Ball im Poker Safe (oben Mitte) locken → insgesamt 3 Locks → Multiball → Rampen und Safe für Jackpots;ALL-IN-Target (Mitte) mehrfach treffen, bis LOCK leuchtet. Insgesamt 3 Locks bis zum ersten Multiball.;Poker Safe (oben Mitte, Safe hinter den ALL-IN-Targets);Nach dem 3. Lock startet der Multiball automatisch.;ALL-IN-Target (Mitte) – Fehlschüsse prallen häufig direkt zwischen die Flipper (SDTM).;Im Matchplay ist der erste Multiball die sicherste Strategie. Konzentriere dich auf die Rampen und den ALL-IN-Aufbau. Lange Poker-Hand-Kombinationen oder Turniermodi kosten oft mehr Zeit als sie auf einem Matchplay-Ball einbringen. Während des Multiballs zuerst die beleuchteten Rampen für Jackpots spielen.
Scared Stiff;Soft Plunge in das Skillshot-Loch (oben Mitte, rechts der linken Rampe);Linke Rampe (links) = LOCK leuchtet → linker Loop (links oben) = Ball locken → insgesamt 3 Locks → Stiff in the Coffin Multiball → linke und rechte Rampe abwechselnd für Jackpots;Linke Rampe (links) schießen, um den Lock zu aktivieren. Nach jedem Lock erneut die linke Rampe treffen. Insgesamt 3 Locks.;Linker Loop (links oben, Ball wird im Sarg/Coffin gelockt);Nach dem 3. Lock startet Stiff in the Coffin automatisch.;Linke Rampe – ein früher oder später Schuss landet oft bei den Leaper-Targets oder dem Boney Beast statt im Lock und kann gefährlich zurückkommen.;Für Matchplay den normalen Stiff in the Coffin Multiball priorisieren. Die sechs Tales und Scared Stiff (Wizard Mode) kosten meist zu viel Zeit. Während des Multiballs konsequent die linke und rechte Rampe abwechselnd für Jackpots spielen.
AC/DC Luci;Blinkende obere Lane oder linker Rampenschuss (Super Skillshot);Jam (Scoop oben links) starten → Bell (Glocke oben Mitte) treffen → Cannon (rechts) für Lock qualifizieren → Ball über die rechte Rampe (rechts) locken → insgesamt 3 Locks → Cannon (rechts) = Multiball → Bell und Rampen für Jackpots;Bell (oben Mitte) mehrfach treffen, bis LOCK leuchtet. Insgesamt 3 Locks bis zum ersten Multiball. (tiltforums.com);Rechte Rampe (rechts oben, Ball wird in der Kanone/Cannon gelockt) (tiltforums.com);Cannon (rechts) nach dem 3. Lock (tiltforums.com);Bell (oben Mitte) – Fehlschüsse prallen häufig schnell und unkontrolliert zur rechten Flipperseite zurück.;Im Matchplay ist ein früher Multiball (vor allem Album oder Jam MB) meist die beste Strategie. Konzentriere dich auf Bell → Lock → Multiball. Song-Modi nicht unnötig wechseln – ein einfacher Song mit schnellen Rampenschüssen bringt oft mehr als lange Aufbauwege.
Bride of Pin•Bot;Blinkende obere Lane (Bonus-X) beim Abschuss treffen;Linke Rampe (links) → rechte Rampe (rechts) → Augen (2 Standup-Targets im PinBot-Kopf, oben Mitte) öffnen → Ball in den Kopf (Mitte oben) schießen → Vision aktivieren → 2 Augenpaare vervollständigen → Billionaire Club / Multiball starten;Kein klassischer Ball-Lock. Stattdessen müssen die beiden Augen mehrfach geöffnet und der Kopf getroffen werden, um die Bride aufzubauen. (pinball.org);–;Über den PinBot-Kopf (oben Mitte), nachdem die Bride vollständig erschaffen wurde. (pinball.org);PinBot-Kopf (oben Mitte) – Fehlschüsse auf die Augen oder den Kopf können hart zur Mitte (SDTM) zurückprallen.;Im Matchplay möglichst schnell die Bride aufbauen. Linke und rechte Rampe sind die sichersten Schüsse und bringen die Maschine zuverlässig voran. Nicht zu lange auf den Billionaire Club spielen – ein früher Multiball bzw. die Bride-Features liefern meist die besseren Matchplay-Punkte.
Indy 500;Blinkende obere Lane beim Abschuss treffen;Turbo (linke Rampe) aufbauen → Pit Stop (Scoop oben rechts) = LOCK leuchtet → Ball im Pit Stop locken → insgesamt 3 Locks → Pit Stop erneut = Multiball → linke und rechte Rampe für Jackpots;Turbo über die linke Rampe aufbauen. Nach jedem Lock erneut LOCK qualifizieren. Insgesamt 3 Locks bis zum ersten Multiball. (pinball.org);Pit Stop (Scoop oben rechts) (pinball.org);Pit Stop (oben rechts) nach dem 3. Lock (pinball.org);Pit Stop (oben rechts) – Fehlschüsse können hart auf den rechten Flipper zurückkommen und Richtung Outlane laufen.;Im Matchplay ist der erste Multiball die sicherste Strategie. Spiele kontrolliert die linke Rampe zum Turbo-Aufbau und anschließend den Pit Stop für die Locks. Rennmodi und lange Qualifikationen bringen auf einem Matchplay-Ball meist weniger als ein schneller Multiball mit anschließenden Rampen-Jackpots.
Barracora;Kein Skillshot;B-A-RR (linke Drop-Targets) oder A-C-O-R-A (rechte Drop-Targets) der Reihe nach vervollständigen → rechter Orbit (ganz rechts) zum oberen Saucer = oberer Lock → anschließend B-A-RR vervollständigen → unterer linker Saucer = zweiter Lock → 3-Ball-Multiball (Silverball Rules);A-C-O-R-A komplett = oberer Lock. B-A-RR komplett = unterer Lock. (Silverball Rules);Oberer Saucer (oben links über den rechten Orbit) und unterer Saucer (links unten). (Silverball Rules);Nach dem zweiten Lock wird der nächste Ball abgeschossen und der 3-Ball-Multiball startet. (Silverball Rules);Drop-Target-Bänke – Abpraller sind unberechenbar. Der Kickout des unteren linken Saucers kann ebenfalls sehr gefährlich sein, je nach Einstellung der Maschine. (Silverball Rules);Im Matchplay ist nicht der Multiball das Hauptziel. Viel wichtiger ist der Aufbau von Bonus und Bonus-Multiplikatoren (bis 25×). Den Multiball erst starten, wenn Bonus und Super Bonus weit aufgebaut sind – dann lassen sich deutlich höhere Punkte erzielen. (Silverball Rules)
Judge Dredd;Großen linken Orbit (Large Loop) schießen – der Ball kommt zum oberen linken Flipper zurück. Den großen Loop erneut treffen = 5 Mio. Skillshot. (GameFAQs);J-U-D-G-E-Drop-Targets (5 Targets Mitte) komplettieren → LOCK leuchtet → linke Rampe (links) schießen → insgesamt 3 Locks → Multiball → linke Rampe für Jackpot → 4 Jackpots = Death Jackpot / Ultimate Challenge (GameFAQs);J-U-D-G-E-Drop-Targets (Mitte) komplettieren. Nach jedem Lock müssen sie erneut aufgebaut werden (spätere Locks erhalten teils Startbuchstaben). Insgesamt 3 Locks. (GameFAQs);Linke Rampe (links) zum Dead World. Bei Serienmaschinen werden die ersten beiden Locks meist sofort zurückgegeben, der 3. startet den Multiball.;Nach dem 3. Lock startet der Multiball automatisch. (Wikipedia);Linker Orbit – der Rücklauf kann ohne angehobenen oberen rechten Miniflipper direkt in die linke Outlane laufen. (GameFAQs);Im Matchplay ist der erste Multiball meist der sicherste Weg zu Punkten. Konzentriere dich auf J-U-D-G-E → linke Rampe → Multiball. Während des Multiballs sofort die linke Rampe für Jackpots spielen. Crime Scenes nur mitnehmen, wenn sie sich auf dem Weg ergeben. (GameFAQs)
Star Wars: Fall of the Empire (FOE);Einen beliebigen leuchtenden Skillshot (Rampe, Orbit oder Scoop) direkt nach dem Abschuss treffen. Wenige vorherige Switches = Super Skillshot. (Stern Pinball);Death-Star-Locks aufbauen → Ball in den Death Star locken → weitere Locks sammeln → Death Star Multiball starten → beleuchtete Jackpot-Schüsse (Rampen/Orbits) spielen. (Stern Pinball);Death-Star-Locks über die entsprechenden Lock-Shots qualifizieren. Für den ersten Death Star Multiball sind mehrere Locks erforderlich. (Stern Pinball);Death Star (oben Mitte, Lock-Shot in den Todesstern) (Stern Pinball);Nach dem letzten benötigten Lock startet der Death Star Multiball. (Stern Pinball);Death-Star-Lock – Fehlschüsse auf den engen Lock-Eingang können schnell und gefährlich zur rechten Flipperseite zurückkommen. (Reddit);Für Matchplay ist ein früher Death Star Multiball die zuverlässigste Strategie. Charaktermissionen sind stark, kosten aber Zeit. Auf einem einzelnen Matchplay-Spiel lieber zügig den Multiball holen und die beleuchteten Jackpot-Schüsse mitnehmen, statt früh auf den Wizard-Mode zu spielen. (Reddit)
Attack from Mars;Normale Skillshot-Lane oder Super Skillshot über linken Loop;Rampen & Loops (je 3× pro Schuss) → alle 4 TA-Schüsse abschließen → Total Annihilation;Keine Locks für Total Annihilation;–;Automatisch nach Abschluss aller vier Total-Annihilation-Schüsse;Saucer (Mitte) – Fehlschüsse können hart nach unten abprallen;Rampen und Loops haben Priorität. Sie sind sicherer als die Saucer und bauen Total Annihilation auf. Die Saucer erst gezielt nehmen, wenn sie für einen Modus oder Hurry-Up sinnvoll ist.
Medieval Madness;Obere Rollovers (normal) oder Super Skillshot (linke Flippertaste halten → beliebige Rampe/Orbit/Katapult);Schloss angreifen → Zugbrücke herunter → Burgtor zerstören → Schloss zerstören → Castle Multiball aufbauen;3 Burgtreffer für den ersten Castle Multiball (danach 6);Castle Lock (links neben dem Burgtor, virtueller Lock);Castle Lock (links neben dem Burgtor);Schuss aufs Burgtor – Rückpraller häufig direkt zwischen die Flipper;Castle Multiball ist der sicherste und schnellste Punktemodus. Konzentriere dich auf kontrollierte Schüsse aufs Schloss und nutze Multiball als Absicherung für weitere Burgtreffer.
Monster Bash;Shooter-Lane – Skillshot über den oberen Rollovers (Monster Bomb als Bonus);Monster-Modi starten und Instrumente sammeln → Frankenstein 7× treffen → Frankenstein Multiball → weitere Monster abschließen → Monster Bash / Monsters of Rock;Kein klassischer Ball-Lock. Frankenstein 7× treffen, um den Rampenzugang zum Frankenstein MB zu öffnen.;–;Center Ramp (nach 7 Treffern auf Frankenstein);Linke Rampe – Fehlschüsse rollen häufig gefährlich zur rechten Slingshot/Inlane;Frankenstein Multiball ist der schnellste sichere Punktebringer. Starte möglichst einen Monster-Modus vor dem Multiball, da während Multiballs die Modus-Timer angehalten werden und Instrumente stressfrei gesammelt werden können. (GameFAQs)
Theatre of Magic;Trunk (Mitte) – beim Abschuss gewünschte Skillshot-Belohnung wählen (z. B. Modus starten, Clock Advance, 2× Bonus);MAGIC über die Rampen buchstabieren → Lock(s) qualifizieren → Theatre Multiball → THEATRE-Hurry-Up und Modi nach Möglichkeit mitnehmen;MAGIC buchstabieren (5 Buchstaben) – für die ersten beiden Multiballs zählt jede Rampe, später nur noch die rechte Rampe;Vanish Lock (linke Orbitbahn) oder geheimer Lock über den linken Orbit;Nach dem Lock automatisch Theatre Multiball;Trunk (Mitte) – direkte Rückläufer und Outlane-Abpraller sind häufig;Im Matchplay die linke Orbitbahn und Rampen bevorzugen. Den Trunk nur schießen, wenn Lock, Hurry-Up oder Jackpot aktiv sind – das reduziert Drain-Risiko erheblich und ist die bevorzugte Turnierstrategie.
Tales of the Arabian Nights;Eine der 3 Skillshot-Öffnungen (Schlange im richtigen Korb treffen);Genie 5× treffen (G-E-N-I-E) → 2 Bälle locken → Genie treffen → Multiball → Jackpots über Genie und Orbits;Genie 5× (G-E-N-I-E);Linker Orbit, rechter Orbit oder mittlere Lock-Bahn;Genie (Magnet) nach zwei Locks;Genie (Mitte) – Fehlschüsse kommen oft schnell zur Flippermitte zurück;Im Matchplay zuerst den Genie-Multiball spielen. Lampen-Spins und Nebenmodi sind wertvoll, aber der Multiball liefert deutlich konstantere Punkte. Während des Multiballs möglichst Jackpots sicher über den Genie statt mit riskanten Kombos holen.
Twilight Zone;Gelber Rollover (10 Mio.) oder Super Skillshot über die linke Rampe;GUMBALL über die Rampen buchstabieren → Lock anzünden → Ball locken → Multiball → Jackpots am Player Piano sammeln;GUMBALL buchstabieren (GUM = linke Rampe, BALL = rechte Rampe);Lock Lane (oben links);Linke Rampe, sobald „Multiball“ leuchtet;Slot Machine / Player Piano – unkontrollierte Auswürfe und Rückläufer sind häufig;Rampen haben Priorität. Sie bauen GUMBALL auf und sind deutlich sicherer als viele Mittelschüsse. Im Matchplay lieber früh den ersten Multiball starten als auf Lost in the Zone zu spielen.
Firepower;Normaler Plunge über die F-I-R-E-Rollovers (oben) oder kurzer Plunge direkt zu den Flippern;Mittlere Standup-Targets treffen → Lock-Lampen anzünden → 3 Bälle locken → 3-Ball-Multiball;Mittlere 6 Standup-Targets abschließen, um die Eject Holes (Locks) zu beleuchten;Linkes Lock (links), oberes rechtes Lock und unteres rechtes Lock (alle Eject Holes);Automatisch nach dem 3. Lock;Mittlere Standup-Targets – harte Rückpraller können direkt zwischen die Flipper laufen;Multiball hat oberste Priorität. Die mittleren Targets kontrolliert schießen, den linken Kickback („Shield“) möglichst aktiv halten und nicht auf den Extra Ball spielen – der kostet im Matchplay meist nur Zeit.
High Speed;Kein echter Skillshot. Optional: Rampe direkt vom Plunger oder Stoplight-Target treffen;Grün → Gelb → Rot (Stoplight-Targets oder Rampen) → Police Chase starten → Rampe erneut treffen → Multiball → Rampen-Jackpot;Keine klassische Qualifikation. Ampel auf Rot bringen, um Police Chase zu starten;Hideout über die Rampe während der Police Chase (2 Ball-Locks);Automatisch nach dem zweiten Lock (3-Ball-Multiball);Rampenschuss – Fehlschüsse laufen häufig gefährlich auf den rechten oberen Flipper zurück;Alles dreht sich um die Rampe. Nutze Rampen, um die Ampel schneller auf Rot zu bringen. Während der Police Chase die Rampe sofort erneut treffen – so startest du schnell den Multiball und kommst zuverlässig zu den Jackpots.
Iron Maiden;Standard: X-Target rechts. Super Skillshot: linken Flipper halten → oberer linker Flipper → Super Jackpot Target;EDDIE buchstabieren → Center Ramp → Modus starten → Trooper Multiball qualifizieren → 3 Locks → Multiball;2× Drop-Targets komplett (beim ersten Mal), um Light Lock zu aktivieren;Linker Inner Orbit oder rechter Orbit (grün leuchtende Lock-Shots, virtuelle Locks);Automatisch nach dem 3. Lock (Trooper Multiball);Center Ramp – Fehlschüsse laufen oft schnell zur rechten Flipperseite zurück;Erst einen Modus starten, dann Trooper Multiball. Das Stacken von Modus + Trooper MB bringt im Matchplay deutlich mehr Punkte als ein früher Multiball ohne Modus. Nutze die Loops sicher mit dem oberen rechten Flipper. (Tilt Forums)
Jaws;Level 1: Pop Bumper · Level 2: Lane über dem Mini-Flipper · Level 3: linke Targetbank (jeweils ohne Zwischentreffer);Shark Encounter starten → Modus spielen → Chum Bucket treffen → Chum Line füllen → Barrel an Jaws befestigen → Jaws Multiball;Kein klassischer Lock. Durch Chum Bucket und Chum Line wird Jaws Multiball vorbereitet;– (virtuelle Qualifikation);Beliebiger Schuss zur linken Inlane (Harpoon, linker Orbit, Center Ramp oder rechte Rampe), sobald die benötigten Barrel befestigt sind;Captive Ball / Chum Bucket – Fehlschüsse können schnell und unkontrolliert zurückkommen;Im Matchplay zuerst Shark Encounters spielen und parallel die Chum Line aufbauen. Den ersten Jaws Multiball früh mitnehmen, aber Modi möglichst vor dem Multiball starten. So kombinierst du sichere Punkte mit Spielfortschritt. (Tilt Forums)
John Wick;Crate Skillshot über den rechten VUK (Baba Yaga Skillshot ohne Schalterkontakt startet sofort den Job);Weapons Case treffen → Job starten → Job abschließen → Car Chase Multiball qualifizieren → 2 Locks → Multiball;Car Chase Multiball durch Spielfortschritt qualifizieren (Job absolvieren);2 virtuelle Locks über die lit Car-Chase-Shots;Automatisch nach dem 2. Lock;Linker Scoop (Cash-Out) – Fehlschüsse von der linken Seite können schnell zum SDTM führen;Immer zuerst einen Job starten und anschließend Car Chase Multiball stacken. Jobs in Kombination mit Multiball bringen deutlich mehr Punkte. Nutze Backhands auf linke Rampe und Center Ramp – sie sind im Turnier wesentlich sicherer als direkte Vorhandschüsse. (Tilt Forums)
Metallica;Standard: eine der oberen Skillshot-Lanes. Super Skillshot: beleuchteten Hauptschuss treffen;4 Items sammeln → Scoop (Crank It Up-Modus) oder einen Multiball aufbauen. Sparky 10× → Electric Chair MB, SNAKE buchstabieren → Snake MB, Captive Ball → Coffin MB;Electric Chair MB: Sparky 10× treffen (alternativ Snake/Coffin nach deren Regeln);"Keine klassischen Locks bei Electric Chair und Snake; Coffin MB nutzt virtuelle/physische Locks je nach Modell";Electric Chair bzw. Snake oder Coffin, sobald qualifiziert;Sparky (Electric Chair) – harte Rückpraller können direkt zwischen die Flipper laufen;Electric Chair Multiball ist der schnellste Weg zu vielen Punkten. Starte möglichst vorher einen Crank-It-Up-Modus oder Side-Mode und stacke ihn mit dem Multiball. Während des Multiballs zuerst die Pick Targets abschließen und anschließend den Snake für Add-a-Ball und 2× Playfield schießen. (Tilt Forums)
Spider-Man  (Stern 2007);Sandman Hole (VUK links oben) oder beleuchtete Skillshot-Lane;Doc Ock treffen → Doc Ock Multiball qualifizieren → 3 Bälle locken → Multiball → Super Jackpots sammeln;Doc Ock 5× treffen, um die Locks zu aktivieren;Doc Ock VUK (links oben, physischer Lock) – insgesamt 3 Locks;Automatisch nach dem 3. Lock;Doc Ock – Fehlschüsse vom VUK können schnell zur rechten Outlane laufen;Doc Ock Multiball ist die sicherste Punktequelle. Konzentriere dich zunächst auf Doc Ock und nimm Villain-Modi nur mit, wenn sie auf dem Weg liegen. Nutze die linke Rampe für kontrollierte Backhands und sichere Ballkontrolle.
Venom (Stern 2023);Je nach gewähltem Host unterschiedlich (z. B. linker Loop, Scoop oder rechter Orbit);Mini-Modi abschließen → Mayhem Multiball aufbauen → Battles starten → Carnage Multiball → Bosskämpfe;Nach jedem abgeschlossenen Mini-Modus wird 1 Lock für Mayhem Multiball aktiviert;Linker oder rechter Canister (grün leuchtende Lock-Shots);Nach den erforderlichen Locks automatisch Mayhem Multiball;"Center Ramp – startet Battles; Fehlschüsse können gefährlich zurückkommen";Im Matchplay Mayhem Multiball priorisieren. Mini-Modi sind der schnellste Weg zu Locks. Battles erst starten, wenn Mayhem nicht mehr aufgebaut werden kann, da ein aktiver Battle weitere Locks blockiert. (tiltforums.com)
World Cup Soccer '94;Obere 3 Skillshot-Lanes – alle 3 treffen = 30 Mio. + 1 Stadt;5 BUILD-Schüsse (linker Orbit, linke Rampe, rechte Rampe, Striker Scoop) → Soccer Ball vervollständigen → Lock → Final Draw → Multiball → Goal-Jackpots;5 BUILD-Schüsse (Strength, Stamina, Skill, Spirit, Speed);Linke oder rechte Rampe (beide Rampen leuchten für Lock);Final Draw Scoop (Mitte), sobald beleuchtet;Goal-Shot – Fehlschüsse am Torwart können unkontrolliert zurückprallen;Multiball hat höchste Priorität. BUILD-Schüsse möglichst auf dem Weg mitnehmen und nach dem Lock sofort den Final Draw Scoop schießen. Während des Multiballs zuerst den Goal-Jackpot holen und anschließend über eine Rampe den Jackpot wieder anzünden. (GameFAQs)
Total Nuclear Annihilation;Super Skillshot: Oberes Reaktorfeld direkt erreichen und den blinkenden Reactor-Schuss treffen;Reaktor 1 abschließen → Reactor Core öffnen → Lock → Multiball → Reaktor zerstören → nächster Reaktor;Reaktor vollständig abschließen (Targets und Reactor-Shots);Reactor Core (Mitte oben);Automatisch nach dem erforderlichen Lock;Reactor Core – Fehlschüsse prallen häufig direkt mittig zwischen die Flipper zurück;Nicht auf Punkte grinden – Reaktoren abschließen! Im Matchplay zählt der Fortschritt. Spiele sauber auf den Reactor Core und starte den Multiball möglichst früh, um den Reaktor sicher abzuschließen. Da Locks im Mehrspielermodus gestohlen werden können, solltest du einen qualifizierten Multiball möglichst sofort starten. (Total Nuclear Annihilation Pinball)
Alien;Skillshot: beleuchtete obere Lane treffen. Super Skillshot: Soft Plunge auf den oberen linken Flipper → linker Orbit;Mission starten → Xenomorph bekämpfen → Hive Multiball qualifizieren → 2 Locks → Multiball → Missionen weiterspielen;Hive Multiball durch Missionsfortschritt qualifizieren;Alien Head / Xenomorph Mouth (physische Locks);Automatisch nach dem 2. Lock;Xenomorph Mouth – Fehlschüsse kommen häufig unkontrolliert in die Flippermitte zurück;Im Matchplay zuerst Missionen spielen und erst dann Hive Multiball starten. Gestackte Missionen im Multiball bringen deutlich mehr Punkte und sind sicherer als isolierte Multiballs. Die linken Orbit-Schüsse sind meist die kontrolliertesten auf dem Spielfeld. (Tilt Forums)
Cactus Canyon;Lasso Skillshot – den rotierenden Award im Skillshot wählen (z. B. Light Lock, Quick Draw, Bounty oder Rampenfortschritt);Gold Mine treffen → Lock anzünden → 3 Bälle locken → Gold Mine Multiball → Mother Lode sammeln;Lock durch Treffer auf die Gold Mine oder per Skillshot/Bounty anzünden;Gold Mine (Mine links oben) – insgesamt 3 Locks;Automatisch nach dem 3. Lock (Gold Mine Multiball);Gold Mine – Fehlschüsse kommen häufig über die Mitte oder auf den rechten Flipper zurück;Gold Mine Multiball ist der schnellste Weg zu Punkten. Nutze den Skillshot möglichst für „Light Lock“ und sammle während des Multiballs die Jackpots und anschließend sofort die Mother Lode an der Gold Mine. Showdown und Modi sind stark, aber der erste Gold Mine Multiball ist im Matchplay meist die sicherste Wahl. (GameFAQs)
Centaur;Kein Skillshot;O-R-B-S Drop Targets in der richtigen Reihenfolge treffen → 2-Ball-Multiball starten → O-R-B-S erneut abschließen → 1-2-3-4 Drop Targets → linker Orbit → Captive Ball;Keine klassische Qualifikation. Jeder korrekt abgeschlossene O-R-B-S-Satz fügt einen virtuellen Lock (Power Orb) hinzu;Keine physischen Locks – virtuelle Locks (Power Orbs);"Automatisch nach O-R-B-S in richtiger Reihenfolge (2-Ball-Multiball); weitere O-R-B-S-Sequenzen fügen bis zu 5 Bälle hinzu";O-R-B-S Drop Targets – Fehlschüsse auf die enge Mitte führen oft zu schnellen Rückläufern;Im Matchplay ausschließlich auf O-R-B-S konzentrieren. Die Reihenfolge ist entscheidend – falsche Treffer kosten Zeit. Sobald Multiball läuft, erneut O-R-B-S spielen, um weitere Power Orbs hinzuzufügen. Erst danach die 1-2-3-4 Targets und den Captive Ball angehen. (kineticist.com)
Deadpool;Super Skillshot: linken Flipper halten → rechte Katana-Rampe treffen (alternativ BAM!-Lane Skillshot);DEAD abschließen → Battle am Scoop starten → Lil' Deadpool Multiball vorbereiten → Ninja Multiball (3 Locks) → Battles und Multiballs stacken;Ninja Multiball: standardmäßig sofort verfügbar, danach POOL abschließen, um weitere Locks zu aktivieren;Rechte Katana-Rampe (3 Ball-Locks);Automatisch nach dem 3. Lock;Katana-Rampe – Fehlschüsse können schnell zur rechten Outlane oder SDTM zurücklaufen;Im Matchplay zuerst einen Battle starten und anschließend Ninja- oder Lil' Deadpool-Multiball stacken. Juggernaut oder Sabretooth sind ideale erste Gegner. Lil' Deadpool ist einer der schnellsten und sichersten Punktebringer des Spiels. (Tilt Forums)
Avengers: Infinity Quest;Standard: obere Skillshot-Lane. Super Skillshot: linken Flipper halten → Hawkeye-Rampe treffen;Avenger auswählen → Infinity Gem Quest starten → Quest abschließen → Avengers Multiball qualifizieren → 3 Locks → Multiball;3 Avengers rekrutieren bzw. entsprechende Quest-Fortschritte für Avengers Multiball;Captain Marvel Ramp und Infinity Mirror (virtuelle Locks, je nach Spielstand);Avengers Tower (Center Scoop), sobald 3 Locks gesammelt wurden;Captain Marvel Ramp – Fehlschüsse können hart zur rechten Flipperseite zurückkommen;Im Matchplay zuerst einen Infinity-Gem-Quest spielen und danach Avengers Multiball starten. Gem-Quests bringen konstant Punkte und das Stacken mit dem Multiball ist deutlich effektiver als ein früher Multiball ohne aktiven Quest. Power Gem und Time Gem sind oft die stärksten ersten Ziele.
Stranger Things;Skillshot: beleuchtete obere Lane. Super Skillshot: linken Flipper halten → Demogorgon-Rampe treffen;Telekinese-Modus oder Chapter starten → Demogorgon öffnen → 2 Locks → Demogorgon Multiball → Kapitel weiterspielen;Demogorgon durch Kapitel-/Shot-Fortschritt öffnen;Demogorgon (Spielzeug in der Mitte, virtuelle Locks) – 2 Locks;Schuss auf den geöffneten Demogorgon;Demogorgon – Fehlschüsse aus der Mitte können direkt zwischen die Flipper zurückkommen;Im Matchplay zuerst ein Chapter starten und dann den Demogorgon Multiball stacken. Falls der Demogorgon schwer zu treffen ist, lieber sichere Kapitel spielen statt auf riskante Mittelschüsse zu bestehen. Der linke Orbit und die linke Rampe sind meist die sichersten Kontrollschüsse.
James Bond 007;Skillshot: beleuchtete obere Lane. Super Skillshot: linken Flipper halten → linker Orbit oder Jet-Pack-Rampe;Verbündeten (Ally) wählen → Mission starten → Bird 1 Multiball qualifizieren → 3 Locks → Multiball → Mission mit Multiball stacken;Bird 1 Multiball durch Missionsfortschritt und entsprechende Schüsse qualifizieren;Bird 1 (virtuelle Locks über Rampe/Orbit) – 3 Locks;Schuss auf die Bird 1-Rampe, sobald alle Locks gesetzt sind;Bird 1-Rampe – Fehlschüsse prallen häufig hart auf den rechten Flipper oder Richtung Outlane zurück;Im Matchplay zuerst einen starken Ally (z. B. Q oder Honey Ryder) auswählen und sofort eine Mission starten. Anschließend Bird 1 Multiball mit einer Mission stacken. Reine Multiballs ohne aktive Mission erzielen meist deutlich weniger Punkte.
The Mandalorian;Skillshot: beleuchtete obere Lane. Super Skillshot: linken Flipper halten → Razor Crest Ramp (rechte Rampe);Mission am Encounter Scoop starten → Razor Crest Multiball qualifizieren → 3 Locks → Multiball → Missionen und Beskar sammeln;Razor Crest Multiball durch Missionsfortschritt bzw. entsprechende Schüsse qualifizieren;Razor Crest Ramp (virtuelle Locks) – 3 Locks;Schuss auf die Razor Crest Ramp, sobald alle Locks gesetzt sind;Razor Crest Ramp – Fehlschüsse können schnell zur rechten Outlane oder als SDTM zurückkommen;Im Matchplay zuerst eine Mission starten und anschließend Razor Crest Multiball stacken. Die frühen Missionen sind sicher und bringen zusammen mit dem Multiball deutlich mehr Punkte. Den linken Orbit bevorzugen, wenn die Rampe unsicher läuft.
Star Wars (Stern);Skillshot: beleuchtete obere Lane. Super Skillshot: linken Flipper halten → Hyperspace Ramp (rechte Rampe);Charakter wählen → Mission starten → TIE Fighter Multiball qualifizieren → 3 Locks → Multiball → Mission weiter spielen;TIE Fighter Multiball durch Treffer auf den TIE Fighter (Center Target) qualifizieren;Hyperspace Ramp (virtuelle Locks) – 3 Locks;Schuss auf die Hyperspace Ramp, sobald alle Locks gesetzt sind;TIE Fighter (Mitte) – Fehlschüsse führen häufig direkt zwischen die Flipper (SDTM);Im Matchplay möglichst früh einen einfachen Modus (z. B. Escape oder Rebel Mission) starten und mit dem TIE Fighter Multiball kombinieren. Wenn die Mitte gefährlich spielt, lieber über Rampen und Orbits punkten als den TIE Fighter zu erzwingen.
Dialed In!;Skillshot: beleuchtete obere Lane oder linker Orbit für den Super Skillshot;Katastrophe (Disaster) am Quantum Theater starten → SIM Card sammeln → Phone Multiball qualifizieren → 2 Locks → Multiball;Phone Multiball durch das Sammeln der SIM Cards qualifizieren;Phone Scoop (virtuelle Locks) – 2 Locks;Phone Scoop (links), sobald beide Locks gesetzt sind;Quantum Theater – Fehlschüsse aus der Mitte können schnell zwischen die Flipper zurücklaufen;Im Matchplay zuerst eine einfache Katastrophe spielen und nebenbei SIM Cards sammeln. Phone Multiball ist schnell erreichbar und in Kombination mit einer laufenden Katastrophe deutlich wertvoller. Riskante Schüsse auf das Quantum Theater nur aus kontrollierter Balllage spielen.
Wizard of Oz;Skillshot: beleuchtete obere Lane treffen. Super Skillshot: linker Flipper → linker Orbit;Munchkin Land starten → Crystal Ball treffen → Emerald City Multiball qualifizieren → 3 Locks → Multiball → Haus-Modi weiterspielen;Emerald City Multiball durch Fortschritt in den Haus-Modi qualifizieren;Crystal Ball (virtuelle Locks) – 3 Locks;Crystal Ball (Mitte), sobald alle Locks gesetzt sind;Crystal Ball – Fehlschüsse aus der Mitte können direkt zum SDTM führen;Im Matchplay zuerst die Haus-Modi (Houses) spielen und dabei Emerald City Multiball vorbereiten. Die frühen Modi sind zuverlässig punkteträchtig. Den Crystal Ball nur aus kontrollierter Balllage angreifen und Multiball möglichst mit einem laufenden Modus stacken.
Pirates of the Caribbean (JJP);Skillshot: beleuchtete obere Lane. Super Skillshot: linker Flipper → linker Orbit;Tortuga besuchen → Crewmitglied rekrutieren → Battle starten → 5-Ball Multiball vorbereiten → Battle + Multiball stacken;"Je nach Multiball unterschiedlich; der erste 5-Ball Multiball wird über Fortschritt beim Rekrutieren der Crew und Spielziele qualifiziert";Keine physischen Locks – virtuelle Locks;Über den Deadhead Hole (Scoop) bzw. entsprechend beleuchteten Startschuss;Deadhead Hole (Mitte) – Fehlschüsse können unkontrolliert zwischen die Flipper zurückkommen;Im Matchplay nicht versuchen, alles zu sammeln. Konzentriere dich auf eine Crew, starte früh einen Battle und kombiniere ihn mit einem Multiball. Das bringt wesentlich konstantere Punkte als das Verfolgen vieler kleiner Features.
Toy Story 4;Skillshot: beleuchtete obere Lane. Super Skillshot: linker Flipper → linker Orbit;Kaboom! oder Carnival Game starten → Forky retten → Toy Box Multiball qualifizieren → 2 Locks → Multiball;Toy Box Multiball durch Treffer auf die Toy Box und Spielfortschritt qualifizieren;Toy Box (virtuelle Locks) – 2 Locks;Schuss in die Toy Box (Mitte), sobald beide Locks gesetzt sind;Toy Box – Fehlschüsse können direkt zwischen die Flipper (SDTM) zurückkommen;Im Matchplay früh ein Carnival Game starten und parallel Toy Box Multiball vorbereiten. Die Kombination aus aktivem Modus und Multiball liefert deutlich höhere und konstantere Punkte als ein früher Einzel-Multiball. Riskante Toy-Box-Schüsse nur aus kontrollierter Balllage spielen.
Elton John;Skillshot: beleuchtete obere Lane. Super Skillshot: linker Flipper → linker Orbit;Song am Piano Scoop starten → Song abschließen → Encore Multiball qualifizieren → 2 Locks → Multiball → Song mit Multiball stacken;Encore Multiball durch Song-Fortschritt und Treffer auf das Piano qualifizieren;Piano (virtuelle Locks) – 2 Locks;Piano Scoop, sobald beide Locks gesammelt sind;Piano Scoop – Fehlschüsse aus der Mitte können schnell zum SDTM oder auf die Outlanes führen;Im Matchplay zuerst einen einfachen Song (z. B. Crocodile Rock oder Saturday Night's Alright) starten und parallel Encore Multiball vorbereiten. Songs in Kombination mit dem Multiball bringen deutlich mehr Punkte als einzeln gespielte Modi.
Harry Potter;Skillshot: beleuchtete obere Lane. Super Skillshot: linker Flipper → linker Orbit;Hogwarts-Haus wählen → Lesson oder Encounter starten → House Multiball qualifizieren → 3 Locks → Multiball → Lesson mit Multiball stacken;House Multiball durch Fortschritt bei Lessons und Encounters qualifizieren;Great Hall (virtuelle Locks) – 3 Locks;Great Hall Scoop, sobald alle Locks gesammelt sind;Great Hall Scoop – Fehlschüsse aus der Mitte können schnell auf den rechten Flipper oder Richtung Outlane zurückkommen;Im Matchplay früh eine Lesson starten und parallel House Multiball vorbereiten. Das Stacken von Lesson und Multiball bringt deutlich mehr Punkte als ein früher Einzel-Multiball. Sich auf ein Haus konzentrieren ist meist erfolgreicher als ständig zwischen den Häusern zu wechseln.
Scooby-Doo, Where Are You!;Skillshot: mit den Flippern Ziel wählen (linke Drop Targets, Character Orbit oder Standups). Secret Skillshot: unterstes linkes Drop Target treffen.;2 Fingerabdrücke (Clues) sammeln → Case an der Mystery Machine starten → parallel Mystery Machine Multiball vorbereiten → Case abschließen → Multiball;2 Spinner oft genug treffen, um den Lock an der Mystery Machine zu aktivieren;Mystery Machine – 3 physische Locks;Automatisch nach dem 3. Lock;Mystery Machine – Fehlschüsse aus der Mitte können schnell zum SDTM führen;Im Matchplay zuerst einen Case starten und nebenbei Spinner für Mystery Machine Multiball spielen. Wer Fred als Charakter wählt, startet bereits mit einem virtuellen Lock und erreicht den ersten Multiball deutlich schneller – ein großer Vorteil im Turnier. (Tilt Forums)
Texas Chainsaw Massacre;Skillshot: blinkendes Drop Target treffen. Super Skillshot: Action Button vor dem Abschuss halten → oberer linker Loop direkt nach dem Plunge treffen;Mode starten → Hook Multiball vorbereiten → 3 Locks → Multiball → Mode mit Multiball stacken;Drop Target vor dem Lock abschießen, um den Lock freizugeben;Post Lock (physischer Lock) – 3 Locks;Automatisch nach dem 3. Lock (Hook Multiball);Middle Scoop – Fehlschüsse aus der Mitte können sehr schnell zum SDTM führen;Im Matchplay möglichst früh Hook Multiball starten und mit einem laufenden Mode kombinieren. Nutze den Super Skillshot, wenn du ihn sicher beherrschst – er ist einer der wertvollsten im Spiel. Die linken Rampen und Loops sind meist die sichersten Kontrollschüsse. (Spooky Pinball)
Labyrinth;Skillshot: beleuchtete obere Lane. Super Skillshot: linker Flipper → linker Orbit;Friend (Hoggle, Ludo oder Sir Didymus) auf Level 1 bringen → Brick Keeper Multiball vorbereiten → 2 Locks → Multiball → danach Friend Multiball oder Modes;Grüne Targets abschließen, um die Locks zu aktivieren;1. Lock: linker Orbit → 2. Lock: Center Ramp;Rechter Orbit, sobald beide Locks gesetzt sind;Center Ramp – Fehlschüsse kommen häufig hart auf den rechten Flipper zurück;Im Matchplay ist Brick Keeper Multiball der schnellste und sicherste Weg zu Punkten. Spiele zuerst die grünen Targets für die Locks und ignoriere komplizierte Modi. Friend Multiball lohnt sich meist erst danach. (Tilt Forums)
Dune;Skillshot: beleuchtete obere Lane. Super Skillshot: linker Flipper → linker Orbit;Harvester Battle starten → Harvester Multiball qualifizieren → 2 Locks → Multiball → anschließend Fremen-/Sietch-Modi spielen;Harvester Battle erfolgreich starten bzw. Fortschritt erzielen;Harvester (physische Locks) – 2 Locks;Harvester nach dem 2. Lock;Sandworm-/Harvester-Schuss – Fehlschüsse aus der Mitte können sehr schnell zum SDTM führen;Im Matchplay ist Harvester Multiball die beste frühe Strategie. Spiele zunächst Harvester Battle und stacke ihn möglichst mit dem Multiball. Konzentriere dich auf wenige, sichere Rampen statt auf komplexe Wizard-Pfade – das bringt in einer kurzen Matchplay-Partie meist die höchste Ausbeute. (Tilt Forums)
Predator;Skillshot: beleuchtete obere Lane. Super Skillshot: oberer linker Loop;Get to da Choppa! Multiball vorbereiten → Light Lock über die rechte Rampe → 2 Locks → Multiball → anschließend Camp Attack oder Jungle Blast;Rechte Rampe mehrfach treffen, bis LIGHT LOCK leuchtet;Helikopter über die rechte Rampe – 2 physische Locks;Automatisch nach dem 2. Lock (Get to da Choppa! Multiball);Rechte Rampe – Fehlschüsse können hart auf den rechten Flipper zurückkommen;Im Matchplay ist „Get to da Choppa!“ der schnellste Weg zu Punkten. Konzentriere dich zunächst ausschließlich auf die rechte Rampe, ignoriere die komplexeren Multiballs und sammle im Multiball konsequent Jackpots und den Super Jackpot. (Pinball Brothers AB)
King Kong: Myth of Terror Island;Skillshot: beleuchtete obere Lane. Super Skillshot: linker Flipper → linker Orbit/Gong;Island Scene über den Gong starten → Island Lock holen → King Kong Multiball vorbereiten → 3 Locks → Multiball → Island Scene mit Multiball stacken;Island Lock durch zwei komplette KONG-Drop-Target-Sätze qualifizieren;Zug (Train Lock) – 3 physische Locks;Nach dem 3. Lock startet King Kong Multiball (Premium/LE: Kong schlägt den Zug um);KONG-Drop-Targets – Fehlschüsse in die Mitte können sehr schnell zum SDTM führen;Im Matchplay zuerst einen Island Lock sichern und anschließend eine Island Scene starten. Den King Kong Multiball möglichst mit einer laufenden Scene kombinieren. Falls die Mitte gefährlich spielt, lieber über Orbits und Rampen aufbauen als die KONG-Targets zu erzwingen. (Tilt Forums)
Creature from the Black Lagoon;Skillshot: obere PAID-Lanes treffen (komplettiert PAID und kann FILM helfen);F-I-L-M vervollständigen → 1 Ball locken → Multiball → Girl finden → Snackbar → Jackpot → Super Jackpot;F-I-L-M vervollständigen (F = KISS, I = Snackbar-Targets, L = PAID, M = Slide);Linker oder rechter Saucer (1 physischer Lock);Automatisch nach dem Lock;Snackbar – Fehlschüsse aus der Mitte können schnell und unkontrolliert zurückkommen;Im Matchplay zählt fast nur der Multiball. Konzentriere dich auf F-I-L-M, ignoriere Nebenmodi und versuche im Multiball möglichst schnell Girl → Rescue → Jackpot → Super Jackpot zu spielen. Den Playfield-Multiplikator (über die Creature-Rampe) möglichst vor dem ersten Jackpot erhöhen – das macht einen enormen Unterschied.
Cirqus Voltaire;Skillshot: den Ringmaster-Ring direkt nach dem Abschuss treffen;WOW vervollständigen → Ringmaster besiegen → Highwire Multiball vorbereiten → 3 Locks → Multiball → möglichst mit Ringmaster Frenzy stacken;LIGHT- und LOCK-Targets treffen, um nacheinander die 3 Locks zu aktivieren;Highwire-Rampe (linke Rampe, physische Locks);Automatisch nach dem 3. Lock (Highwire Multiball);Ringmaster-Schuss – Fehlschüsse aus der Mitte können sehr schnell zum SDTM führen;Im Matchplay Highwire Multiball möglichst mit Ringmaster Frenzy stacken. Der zweite besiegte Ringmaster startet Frenzy Multiball – in Kombination mit Highwire sind sehr hohe Punktzahlen möglich. Die linke Rampe und der Ringmaster sind die wichtigsten Schüsse des Spiels. (GameFAQs)
Congo;Skillshot: beleuchtete obere Lane treffen. Super Skillshot: linker Flipper → Graue Gorillarampe;AMY vervollständigen → Volcano Multiball qualifizieren → 2 Locks → Multiball → Diamonds sammeln → Grey Gorilla;A-M-Y abschließen (linke Rampe, rechte Rampe und Mine);Volcano (Vulkan links oben, 2 physische Locks);Schuss in den Volcano, sobald beide Locks gesetzt sind;Volcano – Fehlschüsse aus der linken oberen Ecke kommen häufig unkontrolliert auf den rechten Flipper zurück;Im Matchplay möglichst schnell Volcano Multiball erreichen. Während des Multiballs konsequent die Jackpots und anschließend den Super Jackpot spielen. Diamonds nur mitnehmen, wenn sie auf sicheren Schüssen liegen – der frühe Multiball bringt meist deutlich mehr Punkte als langes Sammeln.
The Champion Pub;Skillshot: Balcony Ramp (linke Rampe) für Jackpot oder Skillshot-Award;Training abschließen (Speed Bag, Jump Rope, Heavy Bag) → Gesundheit auffüllen → Fight starten → Fisticuffs Multiball vorbereiten → Boxkämpfe gewinnen;BARFLY vervollständigen, um Fisticuffs Multiball zu qualifizieren;Keine physischen Locks – virtueller Multiball;Startet automatisch nach Abschluss von BARFLY/Fisticuffs;Boxer in der Mitte – Fehlschüsse auf den Boxer können direkt zwischen die Flipper zurückkommen;Im Matchplay zuerst das Training abschließen und früh einen Boxer besiegen. Wenn möglich Fisticuffs Multiball mit einem Fight stacken. Die Balcony Ramp ist einer der sichersten und wichtigsten Schüsse – gute Spieler nutzen sie häufig zum Punkteaufbau. (GameFAQs)
Safe Cracker;Skillshot: beleuchtete obere Lane treffen. Super Skillshot: linker Flipper → Bank Ramp;BANK vervollständigen → Safe öffnen → Crime Wave Multiball qualifizieren → 2 Locks → Multiball → anschließend Assault on the Vault;BANK (B-A-N-K Targets) vervollständigen, um den Safe zu öffnen;Safe (Mitte, 2 virtuelle Locks);Schuss auf den geöffneten Safe nach dem 2. Lock;Safe (Center Shot) – Fehlschüsse können direkt zwischen die Flipper (SDTM) zurückkommen;Im Matchplay so schnell wie möglich Crime Wave Multiball erreichen. Spiele die BANK-Targets konsequent und vermeide unnötige Risiko-Schüsse auf Nebenfeatures. Die Bank Ramp ist der sicherste Aufbau-Schuss und bringt gleichzeitig Fortschritt für mehrere Ziele.
Who Dunnit;Skillshot: beleuchtete obere Lane treffen. Super Skillshot: linker Flipper → Left Ramp;Case starten → Evidence sammeln → Multiball qualifizieren → 3 Locks → Multiball → Jackpot → Verdächtigen anklagen;Q-U-I-C-K (oder Rampen-/Case-Fortschritt) vervollständigen, um den Lock zu aktivieren;Elevator Scoop (3 virtuelle Locks);Schuss in den Elevator Scoop, sobald alle Locks gesetzt sind;Elevator Scoop – Fehlschüsse aus der Mitte können direkt zwischen die Flipper zurückkommen;Im Matchplay zuerst einen Case starten und parallel den Multiball vorbereiten. Die linke Rampe ist einer der sichersten Schüsse und bringt Fortschritt für mehrere Ziele. Den Slot-Machine Award nicht erzwingen – er ist zu zufallsabhängig.
Black Knight 2000;Skillshot: WIN-Lanes auf dem oberen Spielfeld treffen (Bonus-X);Drawbridge öffnen (1-2-3 Targets) → 3 Bälle locken → Multiball → Jackpot über die Drawbridge → King's Ransom, wenn möglich;Drawbridge durch Treffer auf die 1-2-3 Targets öffnen (nach jedem Lock ggf. erneut);Drawbridge (oberes Spielfeld, 3 physische Locks);Automatisch nach dem 3. Lock;Skyway-Fehlschuss – Ball landet auf dem unteren Spielfeld, wo Drain-Gefahr deutlich höher ist;Im Matchplay gilt: „Bleib oben!“ Das obere Spielfeld ist wesentlich sicherer als das untere. Lerne den Skyway-Schuss (linke Rampe) vom rechten Flipper aus zuverlässig – gute Spieler schicken den Ball nach fast jedem Abstieg sofort wieder nach oben. Multiball hat höchste Priorität, alles andere ist zweitrangig.
Comet;Skillshot: Ball sanft in die 1-9-8-6 Top-Lanes schießen, um den Playfield-Multiplikator vorzubereiten;Duck Targets abschließen → Rabbit Targets abschließen → COMET-Rampe wiederholt treffen → Cycle Jump nur bei guter Gelegenheit;Keine Locks / kein Multiball;–;–;Cycle Jump Ramp – Fehlschüsse können unkontrolliert auf den rechten Flipper oder Richtung Outlane zurückkommen;Im Matchplay ist die COMET-Rampe der wichtigste Schuss. Zuerst Duck- und Rabbit-Bank vervollständigen, um die Rampe aufzuwerten (30.000 → 50.000 → 100.000 Punkte). Den Cycle Jump nur spielen, wenn er sicher ist – der legendäre 1.000.000-Punkte-Schuss auf der letzten Kugel ist spektakulär, aber im Turnier meist zu riskant. (Pinball.org)
Rollergames;Skillshot: obere W-A-R-Lanes treffen (Bonus-X);Lock anzünden → 2 Bälle locken → Multiball → Jackpots über die Wall Ramp sammeln → Super Jackpot;L-O-C-K über die Standup-Targets vervollständigen, um den Lock zu aktivieren;Wall Ramp (linke Rampe, 2 physische Locks);Automatisch nach dem 2. Lock;Wall Ramp – Fehlschüsse können hart auf den rechten Flipper oder Richtung rechter Outlane zurückkommen;Im Matchplay hat Multiball höchste Priorität. Spiele konsequent auf L-O-C-K und anschließend die Wall Ramp. Während des Multiballs möglichst nur die Wall Ramp für Jackpots schießen. Die seitlichen Modi und den Kickback nur mitnehmen, wenn sie ohne Umweg erreichbar sind.
The Godfather;Skillshot: beleuchtete obere Lane. Super Skillshot: linker Flipper → linker Orbit;Family Job starten → Multiball vorbereiten → 2 Locks → Multiball → Family Jobs weiterspielen → Tribute sammeln;Family Multiball durch Family Jobs und Fortschritt qualifizieren;Compound Scoop (virtuelle Locks, 2 Locks);Compound Scoop, sobald beide Locks gesammelt sind;Compound Scoop – Fehlschüsse aus der Mitte können direkt zwischen die Flipper (SDTM) zurückkommen;Im Matchplay zuerst einen einfachen Family Job starten und parallel Family Multiball vorbereiten. Das Stacken von Family Job + Family Multiball bringt deutlich mehr Punkte als isolierte Modi. Tribute nur einsammeln, wenn sie auf dem Weg liegen – sie kosten sonst oft wertvolle Zeit.
Avatar: The Battle for Pandora;Skillshot: z. B. Left Orbit (Lock), Scoop (Crab Suit Battle) oder Home Tree VUK. Super Skillshot: Action Button halten und einen der wandernden Super-Skillshots treffen.;Songcord-Mode starten → A1 (Battle of the Hallelujah Mountains) oder A2 (Battle of Awa'Atlu) Multiball vorbereiten → Locks sammeln → Multiball → Songcord mit Multiball stacken;"Linker Orbit trifft den Lock-Up für den A1-Multiball; weitere Locks über den Spielverlauf sammeln";Left Orbit Lock-Up (physische Locks für A1-Multiball);Über den beleuchteten Left Orbit / Lock-Up, sobald die Voraussetzungen erfüllt sind;Reverse Scoop – Fehlschüsse aus der Mitte können schnell und unkontrolliert zurück auf die Flipper kommen;Im Matchplay früh einen Songcord-Mode starten und parallel den A1-Multiball vorbereiten. Nutze den Left-Orbit-Skillshot, wenn möglich, da er sofort Fortschritt für den ersten Multiball bringt. Das Stacken von Songcord + Multiball ist aktuell die stärkste und konstanteste Strategie. (Tilt Forums)
Queen;Skillshot: obere Skillshot-Lane wählen. Super Skillshot: linker Orbit oder oberes Spielfeld (je nach Anzeige);Song auswählen → Red Special Multiball vorbereiten → 2–3 Locks → Multiball → Song mit Multiball stacken → Wembley-Multiball als nächstes Ziel;Red Special durch wiederholte Rampen-/Lock-Schüsse qualifizieren;Red Special Guitar (physische Locks, Anzahl je nach Einstellung 2 oder 3);Red Special nach dem letzten Lock;Gitarren-/Center-Shot – Fehlschüsse aus der Mitte können schnell zum SDTM führen;Im Matchplay früh einen Song starten und sofort Red Special Multiball vorbereiten. Das Stacken von Song + Red Special Multiball ist deutlich wertvoller als ein früher Multiball ohne aktiven Song. Wembley und Roadie sind eher Ziele für längere Spiele. (Pinball Brothers AB)
ABBA;Skillshot: Left Ramp direkt nach dem Abschuss. Super Skillshot: anschließend sofort den Super Trouper Target treffen. Alternativ gibt es einen Left Orbit Skillshot.;Bandmitglieder sammeln → Instrumente und Outfits sammeln → Challenge Mode starten → Helicopter Multiball vorbereiten → Voyage erreichen;Helicopter Drop Target treffen und die Voraussetzungen für den Helicopter Ball Lock erfüllen;Arrival Helicopter (physischer Lock, über den interaktiven Helikopter);Nach den erforderlichen Locks am Helikopter;Helicopter Shot – Fehlschüsse können schnell auf den rechten Flipper zurückkommen;Im Matchplay zuerst die Bandmitglieder sammeln. Nutze den Left Ramp Skillshot, da er sofort Fortschritt bringt. Konzentriere dich anschließend auf den Helicopter Multiball und vermeide es, zu viele Touren gleichzeitig zu spielen. Ein früher Multiball bringt meist mehr Punkte als das Verfolgen aller Sammelziele. (pinballbrothers.com)
The Big Lebowski;Super Skillshot: rechter Flipper halten → oberes Spielfeld → Bowling Loop. Alternativ Standard-Skillshot über die beleuchtete Top-Lane.;The Dude qualifizieren → Character Mode starten → The Dude Multiball vorbereiten → 2 Locks → Multiball → Bowling Mode starten;"The Dude über die linke Rampe qualifizieren; anschließend Locks freispielen";Linke Rampe (2 physische Locks für den ersten Character Multiball);Automatisch nach dem 2. Lock;Donny Orbit (linker Orbit) – der Rücklauf kommt oft schnell auf den rechten Flipper und kann zum SDTM führen;Im Matchplay ist der schnellste Weg: The Dude qualifizieren → 2 Locks → Character Multiball. Der Super Skillshot auf das obere Spielfeld qualifiziert sofort einen Bowling Mode und ist sehr wertvoll, wenn er sicher beherrscht wird. Nebenmodi wie Rug Modes oder Car Modes erst später angehen. (Pinside)
Weird Al's Museum of Natural Hilarity;Skillshot: mit dem oberen linken Flipper die Spiral Ramp treffen. Super Skillshot: direkt danach den Mezzanine Loop. Super Duper Skillshot: UHF Camera Lock.;Exhibit Hall Mode starten → Harvey (Hamster) treffen → Dare to be Stupid Multiball vorbereiten → 3 Harvey-Locks → Multiball → danach UHF Multiball;Harvey-Target treffen → beweglichen Scoop treffen → Spiral Ramp oder Right Ramp für einen Lock (1 / 2 / 3 Harvey-Treffer für die Locks);Harvey's Hamster Wheel (3 virtuelle Locks);Automatisch nach dem 3. Harvey-Lock;Rechter Eingang der U-Turn Mini-Loop – schnelle Rückläufe können direkt zum SDTM führen;Im Matchplay zuerst einen Exhibit-Mode starten und anschließend konsequent auf Harvey spielen. Dare to be Stupid Multiball ist der schnellste und zuverlässigste frühe Punktebringer. Die Spiral Ramp ist einer der wichtigsten Schüsse des Spiels und bringt gleichzeitig Skillshots, Harvey-Locks und Mezzanine-Zugang. (Tilt Forums)
Portal (Multimorphic P3, 2025;Skillshot: Elevator Scoop für einen frühen Test Chamber oder Left Orbit für Hub-Fortschritt;Test Chamber auswählen → Objectives erfüllen → Aerial Faith Plate Multiball vorbereiten → 2 Locks → Multiball → anschließend Turret Multiball stacken;Faith Plate treffen, wenn sie für einen Lock leuchtet (2 Locks);Faith Plate (physische Locks auf dem Gitter);Automatisch nach dem 2. Lock (Aerial Faith Plate Multiball);Center Loop – langsame Schüsse können mittig herausfallen und direkt zum SDTM führen;Im Matchplay zuerst Aerial Faith Plate Multiball spielen. Er ist der schnellste Multiball im Spiel und kann später mit Turret Multiball gestackt werden. Test Chambers bringen zwar Fortschritt, kosten aber häufig mehr Zeit als ein früher Multiball. Nutze den Repulsion Gel Kickback, um riskante Fehlschüsse abzusichern. (Tilt Forums)
Halloween;Skillshot: Left Ramp oder Judith's Room (Garage) für Bonus und frühen Fortschritt;Scene (Mode) starten → Michael Myers Multiball vorbereiten → 2 Locks → Multiball → Modes während des Multiballs stacken;2 Locks über den Knife Lock qualifizieren;Knife Lock (Danesi Lock 2.0 am Horseshoe, 2 physische Locks);Center Scoop, nachdem beide Locks gesetzt wurden;Garage-/Center-Shot – Fehlschüsse können direkt mittig zurückkommen und zum SDTM führen;Im Matchplay zuerst den ersten Mode starten und parallel Michael-Myers-Multiball aufbauen. Das Stacken eines Modes mit dem Multiball bringt deutlich mehr Punkte als beides getrennt zu spielen. Nach dem ersten Multiball laufen Lock-Timer ab – deshalb nicht zu lange warten. (Spooky Pinball)
Houdini;Skillshot: Die drei oberen Skillshot-Ziele treffen (jedes hat einen eigenen Award). Super Skillshot: alle drei Skillshot-Ziele treffen und alle Awards erhalten.;Stage Mode starten → Trunk Multiball vorbereiten → Locks sammeln → Trunk Multiball starten → Stage Mode während des Multiballs weiterspielen;Standardmäßig ist der erste Lock bereits beleuchtet, danach weitere Locks über den Trunk Shot sammeln;Trunk (Steamer Trunk in der Mitte des Spielfelds);Nach den erforderlichen Locks über den Trunk;"Rechter Lock-Shot – ein enger Schuss zwischen rechter Rampe und Orbit; Fehlschüsse führen häufig zu gefährlichen Rückläufen";Im Matchplay zuerst einen Stage Mode starten und anschließend Trunk Multiball aufbauen. Stage- und Film-Modes lassen sich mit Multiballs stacken, daher bringt ein vorbereiteter Mode während des Trunk Multiballs deutlich mehr Punkte als ein früher, ungestackter Multiball. (Tilt Forums)
Rick & Morty;Skillshot: Left Ramp, Right Ramp oder Spinner Loop (je nach gewähltem Award). Super Skillshot: oberer Spinner Loop über den Upper Flipper.;Adventure (Mode) qualifizieren → Gromflomite Battle Multiball vorbereiten → 2 Locks → Multiball → Adventure mit Multiball stacken → anschließend Meeseeks nutzen;1 Flooble-Crank-Treffer qualifiziert den ersten Lock, ein weiterer den zweiten (2 Locks insgesamt);Danesi Lock 2.0 (Horseshoe links/rechts, 2 physische Locks);Center Scoop, sobald beide Locks gesetzt sind;Center Scoop – Fehlschüsse prallen häufig unkontrolliert zurück und können schnell zum SDTM führen;Im Matchplay zuerst eine Adventure starten und direkt Gromflomite Battle Multiball aufbauen. Das Stacken von Adventure + Multiball kombiniert sogar die Ballsaver-Zeit und ist der schnellste Weg zu einer hohen Turnierwertung. Nach dem ersten Multiball laufen Lock-Timer ab – deshalb den Multiball nicht unnötig hinauszögern. (Tilt Forums)
Hot Wheels;Skillshot: Motor mit dem linken Flipper hochdrehen und die passende Top-Lane treffen. Super Skillshot: höherer Tach-Level vor dem Abschuss.;Race starten → Victory Lap Multiball vorbereiten → Rennen abschließen → Multiball → anschließend Loop Crash oder Redline;Kein klassisches Lock – durch Race-Fortschritt und das Erreichen der Zielflagge (Checkered Flag) wird Victory Lap qualifiziert;Kein Ball Lock (virtueller Multiball);Checkered Flag / Victory Lap Multiball nach Abschluss des Rennens;Halfpipe-/rechter Rampeneingang – enger Schuss, Fehlschüsse kommen oft hart auf den rechten Flipper zurück;Im Matchplay konsequent ein Rennen beenden und Victory Lap Multiball starten. Verliere nicht zu viel Zeit mit Car Collection oder Creature Battles. Redline ist zwar sehr lukrativ, benötigt aber mehr Vorbereitung und lohnt sich eher in längeren Spielen. (american-pinball.com)
Apollo 13;Skillshot: Beim Abschuss Start Mission, Mystery oder Multiball Countdown wählen (kein präziser Schuss erforderlich).;Mission starten → Orbits für Spacecraft-Fortschritt schießen → Multiball-Countdown auf 1 bringen → Rocket (Blastoff Ramp) für 3-Ball-Multiball → BLASTOFF-Buchstaben für 13-Ball-Multiball sammeln;Kein klassisches Lock – der Multiball wird durch den LED-Countdown vorbereitet, der über Spielziele und Skillshots reduziert wird;Kein Ball Lock (virtueller Multiball);Rocket / Blastoff Ramp, wenn der Countdown 1 erreicht hat;Blastoff Ramp – Fehlschüsse können mittig zurückkommen und direkt zwischen die Flipper laufen;Im Matchplay nicht blind auf den 13-Ball-Multiball spielen. Der 3-Ball-Multiball ist deutlich schneller erreichbar und liefert zuverlässig Punkte. Nutze den Skillshot früh für Start Mission oder Countdown, um den ersten Multiball möglichst schnell zu starten.
Baywatch;Skillshot: Mit den Flippern einen von 3 Skillshots wählen: Top-Lanes (SPF), Shark Scoop (oberer rechter Flipper) oder Side Ramp (oberer linker Flipper). Drei gleiche oder alle drei verschiedenen Skillshots bringen einen Bonus.;3-Bank Drop Targets abschließen → Locks qualifizieren → 3 Locks sammeln → 5-Ball-Multiball starten → anschließend Jackpots und Super Jackpots einsammeln;"3-Bank Drop Targets abschließen, um den Trap Door Lock zu aktivieren; insgesamt 3 Locks für den Multiball";Left Ramp – Trap Door (physische Locks unter der linken Rampe);Automatisch nach dem 3. Lock;Linke Rampe (Trap Door) – Fehlschüsse können hart zur Spielfeldmitte zurückprallen und gefährliche Abpraller erzeugen;Im Matchplay ist der 5-Ball-Multiball das Hauptziel. Konzentriere dich früh auf die 3-Bank Drop Targets und ignoriere zunächst aufwendige Rescue-Modes. Der Top-Lane-Skillshot ist meist die sicherste Wahl und verbessert gleichzeitig den Bonus-Multiplikator. (Pinball Rebel)
Maverick;"Skillshot: Beim Abschuss eine der 3 oberen Skillshot-Löcher treffen. Beste Wahl ist ""Light Lock"", alternativ ""Start Mode"". Ein Flipper-Skillshot über den Captive Ball ist ebenfalls möglich.";Start Mode oder Light Lock per Skillshot holen → Right Ramp für Lock schießen → 3 Locks sammeln → Multiball → Jackpots über die Right Ramp, danach Super Jackpot am Captive Ball;Lock wird über die Right Ramp qualifiziert (je nach Einstellung mehrere Rampentreffer erforderlich). Ein Light Lock-Skillshot kann den ersten Schritt überspringen.;Right Orbit → Ball wird in der Lauren Bell (Riverboat) gespeichert;Nach dem 3. Lock (oder früher über den speziellen Skillshot nach Lock 2, falls erfolgreich);Right Ramp – Fehlschüsse kommen häufig hart zur rechten Flipperseite zurück und sind schwer zu kontrollieren;"Im Matchplay früh den ""Light Lock""-Skillshot mitnehmen und direkt auf Multiball spielen. Der reguläre Multiball ist deutlich zuverlässiger als lange Poker- oder Chip-Features. Während des Multiballs konsequent die Right Ramp für Jackpots schießen und anschließend den Captive Ball für den Super Jackpot nutzen."
Mary Shelley's Frankenstein;"Skillshot: Den ""The Switch"" im richtigen Moment betätigen und den 20M-Skillshot mitnehmen.";Ramp für Creature Multiball aufbauen → Creature 2-Ball starten → North Pole schnell erneut treffen für 3–6 Ball Multiball → Jackpots sammeln. Modes erst danach angehen.;Ramp mehrfach treffen (standardmäßig 4 Rampen bis Creature 2-Ball, operatorabhängig);North Pole VUK (oberes Scoop links am Monster);North Pole VUK erneut treffen, bevor der Countdown abläuft – je schneller, desto mehr Bälle (3–6);Steile Center Ramp – Fehlschüsse kommen häufig hart zur Spielfeldmitte zurück und sind schwer zu kontrollieren;Im Matchplay konsequent auf den 3–6 Ball Multiball spielen. Die einzelnen Modes bringen vergleichsweise wenig Punkte und kosten viel Zeit. Wer die Rampen sicher trifft und den zweiten North Pole-Schuss schnell schafft, erzielt meist die höchsten Turnierergebnisse.
Batman Forever;"Skillshot: Per Abschuss ""Light Lock"" oder ""Start Gotham Scene"" wählen – beides sind die stärksten Skillshot-Awards.";Light Lock holen → CAVE über die Drop Targets vervollständigen (falls nötig) → 3 Locks sammeln → 3-Ball-Multiball starten → Jackpots über linke und rechte Rampe → Double Jackpot an der Middle Ramp → Super Jackpot über die Batwing Mini-Ramp;Lock per Skillshot oder durch CAVE (Drop Targets) qualifizieren;VUK (Batcave Lock) in der Spielfeldmitte;Mit dem 3. Lock startet der Multiball automatisch;"Batwing Mini-Ramp – extrem schwer zu treffen; Fehlschüsse können unkontrolliert zurückkommen";Im Matchplay ist der schnellste Weg: Light Lock als Skillshot wählen und sofort den ersten Multiball aufbauen. Die Gotham Scenes sind nützlich, kosten aber häufig mehr Zeit als der direkte Weg zum Multiball. Während des Multiballs zuerst beide Rampen für die Jackpots spielen und die schwierige Batwing-Rampe nur versuchen, wenn die Ballkontrolle stimmt.
GoldenEye;Skillshot: Lock Ramp treffen, um direkt einen Virtual Lock zu erhalten. Alternativ den Mode Start Scoop für einen frühen Mode.;2 Virtual Locks sammeln → Satellite Multiball starten → Jackpots an den Rampen → Super Jackpot an der Satellite. Nebenbei Shootout abschließen, um Eject or Die zu aktivieren.;2 Virtual Locks über die Lock Ramp (können auch über den Center Eject Target beleuchtet werden);Kein physischer Lock – Virtual Locks über die Lock Ramp;Pop-Up Ramp zur Satellite, sobald 2 Virtual Locks gesammelt wurden;Right Ramp – der Rücklauf springt auf vielen Geräten gefährlich Richtung rechte Outlane;Im Matchplay ist die Satellite Multiball klar das Hauptziel. Den Lock-Ramp-Skillshot wählen und schnell zwei Virtual Locks sammeln. Tank Multiball ist meist weniger lukrativ und kostet unnötig Zeit. Shootout → Eject or Die ist eine starke Lebensversicherung, wenn sich die Gelegenheit ergibt.
Lost in Space;Skillshot: Es gibt keinen klassischen Skillshot. Der beste frühe Fortschritt ist ein sicherer Schuss auf den Spinner Lane oder die linke Rampe, um Mystery bzw. Planetenfortschritt aufzubauen.;ROBOT buchstabieren → Robot Multiball starten → anschließend Condition Red Multiball vorbereiten. Fighter Multiball nur mitnehmen, wenn sich die Rollovers nebenbei ergeben.;Kein klassisches Lock – R-O-B-O-T über Left Orbit, Mystery Scoop, Spinner Lane, Robot Shot und Right Orbit vervollständigen;Kein Ball Lock (virtueller Multiball);Robot Shot (unter dem Roboter), sobald ROBOT komplett ist;Robot Shot – ein Fehlschuss prallt häufig mittig zurück und kann direkt zwischen die Flipper laufen;Im Matchplay ist Robot Multiball der schnellste und konstanteste Punktebringer. Spiele gezielt auf die ROBOT-Schüsse und verliere keine Zeit mit Rampen für Planetenboni. Condition Red ist das nächste sinnvolle Ziel, während Fighter Multiball meist nur nebenbei entsteht. (GameFAQs)
Harley-Davidson;Skillshot: Die beleuchtete Top-Lane treffen. Beste Awards sind Light Lock oder Bonus X.;Motorcycle Rally Mode starten → Light Lock holen → 3 Locks sammeln → 3-Ball Multiball → Jackpots an den Rampen einsammeln → anschließend Sturgis/Wizard-Ziele angehen;"Light Lock über Skillshot oder durch Spielziele qualifizieren; insgesamt 3 Locks erforderlich";Left Ramp (physischer Ball Lock);Automatisch nach dem 3. Lock;Left Ramp – Fehlschüsse kommen häufig schnell über die Mitte zurück und können zum SDTM führen;"Im Matchplay den ersten Skillshot möglichst für ""Light Lock"" nutzen und konsequent den Multiball aufbauen. Die verschiedenen Städte- und Rally-Modi bringen zwar Fortschritt, sind in kurzen Turnierpartien aber meist weniger effizient als ein früher Multiball."
South Park;Skillshot: Das beleuchtete Target unter Mr. Hankey (Toilette) treffen (5 Mio. + steigender Bonus).;Mr. Hankey 5× treffen → 5-Ball-Multiball starten → Jackpots an den Mr.-Hankey-Targets sammeln → Super Jackpot über die Rampe. Charakter-Modi nur mitnehmen, wenn sie sich nebenbei ergeben.;Keine Lock-Qualifikation – 5 Treffer auf die Mr.-Hankey-Targets leuchten den Multiball;Kein Ball Lock (virtueller Multiball);Rampe (die Toilette öffnet sich und der 5-Ball-Multiball startet);Stan-Shot (linke Lane durch die Pop Bumper) – schwer kontrollierbar und häufige unglückliche Rückläufe;Im Matchplay gilt: „Multiball, Multiball, Multiball.“ Der erste 5-Ball-Multiball ist die schnellste und konstanteste Punktequelle. Die Charakter-Modi sind zwar wichtig für den Wizard Mode, kosten in einer kurzen Turnierpartie aber meist zu viel Zeit.
Monopoly;Skillshot: Center Scoop (Chance Hole) für den Skillshot-Bonus. Alternativ die Top-Lanes für Bonus-X.;Properties sammeln → Railroad qualifizieren → 3 Railroad Locks → Railroad Multiball → anschließend Monopoly Multiball oder Cash Grab vorbereiten;"Railroad durch Sammeln von 4 Properties qualifizieren; insgesamt 3 Locks für Railroad Multiball";Center Scoop (Railroad Station);Nach dem 3. Lock am Center Scoop;Center Scoop – Fehlschüsse prallen oft direkt zurück auf die Flipper und können zum SDTM führen;Im Matchplay ist Railroad Multiball der schnellste Weg zu konstanten Punkten. Konzentriere dich zunächst auf Properties → Railroad → Multiball. Cash Grab und Hotel-Boni sind attraktiv, kosten aber häufig zu viel Zeit, bevor sie sich auszahlen. (pinball.org)
Ripley's Believe It or Not!;Skillshot: Side Scoop (rechts neben dem Shooter-Lane-Ausgang) direkt vom Abschuss treffen.;Shrunken Head 4× treffen → Lock leuchten → 2 Locks über die Right Ramp sammeln → Multiball am Shrunken Head starten → Jackpots und Super Jackpot einsammeln;4 Treffer auf den Shrunken Head leuchten den ersten Lock;Right Ramp (2 physische bzw. virtuelle Locks, je nach Spielsituation);Shrunken Head, nachdem 2 Locks gesammelt wurden;Vari-Target – Fehlschüsse können unkontrolliert in Richtung Outlane abprallen;Im Matchplay ist der erste Multiball klar das wichtigste Ziel. Spiele konsequent auf den Shrunken Head, sammle die 2 Locks und starte schnell den Multiball. Kontinent-Modi sind interessant, kosten in kurzen Turnieren aber meist zu viel Zeit. (Pinball Rebel)
The Simpsons Pinball Party;Skillshot: Comic Book Guy, Kwik-E-Mart oder Bully-Target direkt vom Abschuss. Comic Book Guy ist meist die beste Wahl.;Garage schießen → TV-Mode starten → Couch Multiball vorbereiten → 3 Locks sammeln → TV-Mode während des Multiballs weiterspielen → danach Itchy & Scratchy Multiball;Erster Couch Multiball: alle 3 Locks sind bereits beleuchtet. Ab dem zweiten Multiball müssen die LITE/LOCK-Targets getroffen werden.;Couch Ramp auf dem oberen Spielfeld (3 Locks);Mit dem 3. Lock über die Couch Ramp;Garage – Fehlschüsse vom Garage-Eingang können hart auf den rechten Flipper oder Richtung Outlane zurückkommen;Im Matchplay zuerst die Garage für einen TV-Mode schießen und danach sofort den Couch Multiball starten. Das Stacken von TV-Mode + Couch Multiball ist deutlich stärker als beides getrennt zu spielen. Für den ersten Couch Multiball sind die Locks bereits frei – diesen Vorteil unbedingt ausnutzen. (GameFAQs)
The Lord of the Rings;Skillshot: Tower (Orthanc) ist meist die beste Wahl. Alternativ O-R-C-Lanes (+5X Bonus) oder Flipper Skillshot auf den Balrog.;The Two Towers Multiball vorbereiten → KEEP buchstabieren → 3 Sword Locks → Multiball → danach Fellowship-Modes und Gollum-Multiball aufbauen;KEEP über die In-/Outlanes vervollständigen, dadurch jeweils einen Sword Lock qualifizieren. Insgesamt 3 Locks erforderlich.;Sword Ramp (rechte Rampe mit dem Narsil-Schwert, physische Locks);Mit dem 3. Lock an der Sword Ramp startet The Two Towers Multiball;"Sword Ramp – Fehlschüsse können gefährlich über die rechte Outlane zurücklaufen; zusätzlich können freigegebene Locked Balls überraschen";Im Matchplay ist The Two Towers Multiball fast immer das erste Ziel. Konzentriere dich auf KEEP → Sword Locks → Multiball. Fellowship-Fortschritt und Ring-Ziele sind wichtig, kosten aber in einer kurzen Matchplay-Partie meist mehr Zeit als der schnelle Multiball. (GameFAQs)
Elvis;Skillshot: All Shook Up Saucer (Center Scoop). Alternativ Top Lanes für Bonus-X.;Gold Records sammeln → Tour Multiball qualifizieren → 3 Locks sammeln → Tour Multiball starten → Jackpots über die Rampen → anschließend TV Awards und Songs weiterspielen;Gold Records sammeln (durch Rampen, Orbits und Features), um Lock zu qualifizieren. Insgesamt 3 Locks erforderlich.;Left Ramp (virtuelle Locks über den Tour Bus);Mit dem 3. Lock startet Tour Multiball automatisch;Center Scoop (All Shook Up) – Fehlschüsse können hart zur rechten Flipperseite zurückprallen;Im Matchplay ist Tour Multiball das erste Ziel. Konzentriere dich auf Gold Records → Locks → Multiball. Die einzelnen Songs bringen zwar Fortschritt, sind aber in einer kurzen Turnierpartie meist weniger effizient als ein früher Multiball. (gamefaqs.gamespot.com)
NASCAR;Skillshot: Zeitgesteuerter Abschuss für einen der angezeigten Awards. Gute frühe Awards sind Garage oder Test Car.;3-Bank Drop Targets abschließen → R-A-C-E buchstabieren → 2 Locks sammeln → Race Multiball starten → Jackpots und Bonus Jackpot spielen → anschließend Garage-Modi;3-Bank Drop Targets vervollständigen, um die R-A-C-E-Shots zu aktivieren. R-A-C-E komplettieren, um LOCK zu leuchten.;Left Ramp (2 Ball Locks);Left Ramp, nachdem beide Bälle gelockt wurden;Garage Scoop – der Auswurf kann je nach Einstellung unkontrolliert zur rechten Flipperseite oder sogar Richtung Mitte erfolgen;Im Matchplay zuerst Race Multiball spielen. Der schnellste Weg ist Drop Targets → R-A-C-E → 2 Locks → Multiball. Garage-Modi wie Happy Hour oder Hauler Ride sind stark, kosten aber häufig mehr Zeit als der direkte Weg zum Haupt-Multiball. Während des Multiballs möglichst den Captive Ball (SPIN) treffen, um den Jackpot-Wert einzufrieren und zu erhöhen. (BMI Gaming)
Pirates of the Caribbean (Stern);Skillshot: Chest Scoop (Center Scoop) für den höchsten Award. Alternativ Top Lanes für Bonus-X.;Treasure Chests sammeln → Cannon Multiball qualifizieren → 3 Locks sammeln → Cannon Multiball starten → Jackpots an Rampen und Orbits → anschließend Film-Modes weiterspielen;Treasure Chests über Rampen, Orbits und Scoop sammeln, um LOCK zu qualifizieren. Insgesamt 3 Locks erforderlich.;Chest Scoop (virtuelle Locks);Nach dem 3. Lock am Chest Scoop;Center Scoop (Treasure Chest) – Fehlschüsse können gerade auf die Flipper zurückprallen und zu einem SDTM führen;Im Matchplay möglichst schnell Cannon Multiball erreichen. Konzentriere dich auf Treasure Chests → Locks → Multiball. Die Film-Modi sind für den Gesamtfortschritt wichtig, bringen in einer kurzen Turnierpartie aber meist weniger als ein früher Multiball. Während des Multiballs haben die Rampen Priorität, um die Jackpots sicher einzusammeln.
Family Guy;Skillshot: Chicken Fight Scoop (Center Scoop) für den höchsten Award. Alternativ Top Lanes für Bonus-X.;TV Modes starten → Stewie Pinball aktivieren → 3 Locks sammeln → Stewie Multiball starten → anschließend Chicken Fight oder Mini Wizard vorbereiten;STEWIE buchstabieren (Rampen, Orbits und Scoop), dadurch LOCK aktivieren. Insgesamt 3 Locks erforderlich.;Stewie Lock (linke Rampe, virtuelle Locks);Nach dem 3. Lock startet Stewie Multiball;Center Scoop (Chicken Fight) – Fehlschüsse können hart auf den rechten Flipper zurückprallen und schnell zur Outlane laufen;Im Matchplay ist Stewie Multiball das wichtigste frühe Ziel. Konzentriere dich auf STEWIE → 3 Locks → Multiball. TV-Modi lassen sich gut mit dem Multiball stacken. Chicken Fight ist zwar wertvoll, benötigt aber meist mehr Zeit und Kontrolle als der direkte Weg zum ersten Multiball. (gamefaqs.gamespot.com)
CSI: Crime Scene Investigation;Skillshot: Morgue Eject Hole (oben rechts) direkt vom Abschuss treffen.;Center Ramp für Skull Multiball spielen → Lock leuchten → 2 Skull Locks sammeln → Skull Multiball starten → anschließend Ballistics Mode oder Microscope Multiball stacken;Beim ersten Multiball: 1 Center-Ramp-Treffer leuchtet den ersten Lock, danach erneut die Center Ramp zum Lock. Für spätere Multiballs sind zusätzliche Rampentreffer nötig.;Center Ramp → Skull (2 physische Locks im Schädel);Nach dem 2. Lock werden die Bälle aus dem Schädel freigegeben und Skull Multiball startet;Center Ramp – Fehlschüsse prallen häufig nach rechts ab und können schnell zur Outlane laufen;Im Matchplay zuerst Skull Multiball spielen. Starte möglichst Ballistics Mode unmittelbar vor dem Multiball oder stacke später Microscope Multiball mit Skull Multiball. Die Spinner-Modi bringen zwar Punkte, sind aber allein meist weniger effizient als ein früher Multiball.
Batman: The Dark Knight;Skillshot: Joker, Scarecrow oder Batmobile wählen. Super Skillshot: linken Flipper beim Abschuss halten – der getroffene Shot erhält 3× Wert für den Rest des Balls.;Joker vorbereiten → Joker Target treffen → 3 Joker Locks sammeln → Joker Multiball starten → Jackpots an den Hauptshots → Super Jackpot am Joker Target. Alternativ Scarecrow starten, wenn der Kran sicher beherrscht wird.;Joker Target treffen, bis der Zugang zu den Joker Locks geöffnet ist. Insgesamt 3 Locks erforderlich.;Joker Hole (hinter dem abgesenkten Joker-Target, 3 physische Locks);Nach dem 3. Lock erneut das Joker Target treffen;Center Ramp – Fehlschüsse kommen häufig hart auf den rechten Flipper zurück und können direkt zur Outlane laufen;Im Matchplay ist Joker Multiball die sicherste Eröffnungsstrategie. Wähle möglichst den Joker-Skillshot (3×) und spiele konsequent auf die Joker-Locks. Scarecrow Multiball ist ebenfalls stark, verlangt aber deutlich mehr Präzision durch den beweglichen Kran. (Pinball)
Big Buck Hunter Pro;Skillshot: Die beleuchtete Top Lane treffen. Beste frühe Awards sind Bonus X oder Shotgun Shell.;Buck treffen → 5 Shotgun Shells sammeln → Big Buck Multiball starten → anschließend Elk Multiball über E-L-K vorbereiten. Moose und Bird nur mitnehmen, wenn sie sich ergeben.;Keine Lock-Qualifikation – durch Treffer auf den motorisierten Buck werden Shotgun Shells gesammelt. Nach 5 Shotgun Shells ist der Multiball bereit.;Kein Ball Lock (virtueller Multiball);Big Buck nach der 5. Shotgun Shell;Motorisierter Buck – Fehlschüsse können durch die Führungsstange unvorhersehbar abgelenkt werden und Richtung Outlane springen;Im Matchplay ist Big Buck Multiball das erste Ziel. Konzentriere dich auf den Buck und ignoriere zunächst Moose-, Bird- und Bonus-Runden. Elk Multiball ist ein gutes zweites Ziel, wenn sich E-L-K nebenbei vervollständigt. Das konsequente Stacken mehrerer kleiner Features ist meist weniger effektiv als ein schneller Big Buck Multiball. (Pinball Rebel)
Avatar (Stern, 2010);Skillshot: Die beleuchtete Top Lane treffen. Besonders stark: LINK als Skillshot, da sofort Fortschritt für einen Link-Multiball gesammelt wird.;LINK aufbauen → 3 LINK-Locks sammeln → Link Multiball (Viper Wolves → Thanator → Leonopteryx) starten → anschließend AMP Suit Multiball oder Na'vi Multiball vorbereiten;LINK-Shot mehrfach treffen. Nach jedem qualifizierten Lock den LINK-Shot erneut zum Lock schießen (3 virtuelle Locks);LINK-Shot (virtueller Lock);Nach dem 3. LINK-Lock startet der jeweilige Link Multiball;LINK-Shot – Fehlschüsse prallen häufig hart zur rechten Flipperseite zurück und können Richtung Outlane laufen;Im Matchplay konsequent auf LINK spielen. Die Link Multiballs sind schneller und konstanter als das Sammeln aller Na'vi-Ziele. AMP Suit Multiball ist ein gutes zweites Ziel, wenn die AMP-Targets nebenbei fallen. Die Banshee- und Valkyrie-Modes lohnen sich meist erst nach dem ersten Multiball. (Pinball Rebel)
Iron Man;Skillshot: Right Spinner direkt vom Abschuss treffen. Ab Code 1.85 zusätzlich Super Skillshot: linken Flipper halten und über die Top-Lanes spielen.;Whiplash besiegen → War Machine Multiball starten → Iron Monger Multiball vorbereiten → anschließend Whiplash Multiball und Do or Die;Kein klassisches Lock – Multiballs werden durch das Abschließen der jeweiligen Gegner-/Missionenziele qualifiziert;Kein Ball Lock (virtuelle Multiballs);Je nach Modus: War Machine über den War Machine Shot, Iron Monger am Iron Monger Bash Toy, Whiplash über den Whiplash Magnet;Iron Monger Shot – Fehlschüsse am Bash Toy kommen häufig unkontrolliert mittig zurück und führen schnell zum SDTM;Im Matchplay zuerst War Machine Multiball spielen. Er ist der schnellste und sicherste Multiball. Danach direkt Iron Monger Multiball angehen. Die Modi Bogey und Jericho sind stark, benötigen aber mehr Vorbereitung und lohnen sich meist erst nach dem ersten Multiball. Iron Man ist extrem unforgiving – Ballkontrolle ist wichtiger als aggressives Schießen. (Pinside)
Rolling Stones (Stern, 2011);Skillshot: Mick Target oder Super Skillshot (ab Code V1.01) über den angezeigten Hauptshot.;Records sammeln → Album Multiball qualifizieren → 3 Locks sammeln → Album Multiball starten → Jackpots einsammeln → anschließend Mode Multiball oder Encore Multiball vorbereiten;Records durch Hauptshots sammeln. Je nach Softwarestand wird nach einer bestimmten Anzahl gesammelter Records der nächste Lock beleuchtet. Insgesamt 3 Locks für den ersten Album Multiball. (Pinside);Lock Saucer (virtuelle/physische Locks je nach Spielzustand);Nach dem 3. Lock startet Album Multiball;Mick Bash Toy – Fehlschüsse können unkontrolliert zur rechten Outlane abgelenkt werden;Im Matchplay ist Album Multiball das erste Ziel. Konzentriere dich auf das Sammeln der Records und ignoriere zunächst World Tour und Combo-Jagd. Mode Multiball lässt sich später gut mit laufenden Modi stacken und bringt deutlich mehr Wert als isoliert gespielt. (Pinside)
TRON: Legacy;Skillshot: Disc Target (Center Target) für den höchsten Award. Super Skillshot: linker Flipper halten und direkt den Gem Shot (Left Ramp) treffen.;Quorra starten → Light Cycle Multiball vorbereiten → 3 Locks sammeln → Light Cycle Multiball → anschließend Disc Multiball und Portal vorbereiten;ENCOM Targets abschließen, um LOCK zu leuchten. Insgesamt 3 Locks erforderlich.;Light Cycle Scoop (links neben dem Light Cycle Toy, 3 physische Locks);Nach dem 3. Lock startet Light Cycle Multiball;Disc Target – Fehlschüsse am beweglichen Disc-Toy prallen häufig unkontrolliert Richtung Outlane zurück;Im Matchplay ist Light Cycle Multiball fast immer das erste Ziel. Spiele möglichst Quorra vor dem Multiball an, damit der Modus während des Multiballs weiterläuft. Disc Multiball ist zwar wertvoll, benötigt aber deutlich mehr Vorbereitung und lohnt sich meist erst nach dem ersten Light Cycle Multiball. (gamefaqs.gamespot.com)
Transformers;Skillshot: Optimus Prime Ramp (linke Rampe) oder Super Skillshot auf den beleuchteten Hauptshot. Beste Wahl ist meist die linke Rampe, da sie direkt Fortschritt für den ersten Multiball bringt.;Optimus Prime oder Megatron wählen → Optimus Prime Multiball vorbereiten → 3 Locks sammeln → Multiball starten → anschließend Autobot/Decepticon-Modes stacken → Battle for Cybertron vorbereiten;3 Rampentreffer auf die gewählte Fraktion qualifizieren jeweils einen Lock. Insgesamt 3 Locks erforderlich.;Optimus Prime Truck (linke Rampe, physische Locks) bzw. Megatron Scoop (je nach gewählter Fraktion);Nach dem 3. Lock am jeweiligen Lock-Shot;Optimus Prime Truck – Fehlschüsse auf den Truck prallen oft hart zur rechten Flipperseite zurück und können Richtung Outlane laufen;Im Matchplay ist Optimus Prime Multiball meist der sicherste Einstieg. Die linke Rampe ist einfacher und konstanter zu treffen als viele Megatron-Shots. Starte möglichst einen Autobot- oder Decepticon-Mode unmittelbar vor dem Multiball, um das Scoring zu stacken. Battle for Cybertron ist für kurze Turnierpartien meist zu weit entfernt.
AC/DC;Skillshot: Bell (Center Target) für den höchsten Award. Super Skillshot: linken Flipper halten und direkt die Left Ramp treffen.;Jam Multiball vorbereiten → 3 Rampentreffer → 3 Locks sammeln → Jam Multiball starten → Song Jackpot aufbauen → Cannon für den Song Jackpot nutzen. Danach Album oder Tour Multiball angehen.;3 Rampentreffer qualifizieren die Locks. Insgesamt 3 Locks erforderlich.;Hell's Bell (virtuelle Locks über die Rampen);Nach dem 3. Lock startet Jam Multiball;Bell Target – Fehlschüsse vom Glockenziel können unkontrolliert mittig zurückprallen und schnell zum SDTM führen;Im Matchplay zuerst Jam Multiball spielen. Wähle einen Song wie Rock N Roll Train, Hells Bells oder War Machine und konzentriere dich auf Rampen. Während des Multiballs den Song Jackpot aufbauen und mit der Cannon einsammeln. Die Kombination aus Jam Multiball + Song Jackpot + 2×/3× Playfield ist die stärkste und schnellste Punktestrategie. (Pinside)
X-Men;Skillshot: Magneto (Center Target) für den höchsten Award. Super Skillshot: linken Flipper halten und direkt die Left Orbit treffen.;Professor Xavier oder Storm als erster Mode → Sentinel bashen → Sentinel Multiball vorbereiten → 3 Locks sammeln → Sentinel Multiball starten → anschließend Magneto Multiball aufbauen;Sentinel (Bash Toy) mehrfach treffen, um LOCK zu qualifizieren. Insgesamt 3 Locks erforderlich.;Danger Room Scoop (links hinter dem Sentinel, 3 virtuelle Locks);Nach dem 3. Lock über den Danger Room Scoop;Sentinel Bash Toy – Fehlschüsse prallen oft hart und unkontrolliert zur rechten Flipperseite zurück;Im Matchplay ist Sentinel Multiball fast immer der beste Start. Wähle Professor Xavier oder Storm als ersten Mode und stacke ihn mit dem Multiball. Magneto Multiball ist zwar wertvoll, benötigt aber deutlich mehr Vorbereitung. Vermeide unnötige Xavier-School-Fortschritte, wenn ein schneller Multiball möglich ist.
The Avengers;Skillshot: Hawkeye Loop (Left Orbit) oder Captain America Ramp (Left Ramp). Super Skillshot: linken Flipper halten und den angezeigten Hauptshot treffen.;Captain America oder Hawkeye als ersten Avenger wählen → Quinjet Multiball vorbereiten → 3 Quinjet Locks sammeln → Quinjet Multiball starten → Avenger-Modus während des Multiballs weiterspielen → anschließend Hulk oder Black Widow angehen;A-V-E-N-G-E-R-S vervollständigen bzw. die Quinjet-Rampe treffen, um LOCK zu qualifizieren. Insgesamt 3 Locks erforderlich.;Quinjet Ramp (rechte Rampe, 3 virtuelle Locks);Nach dem 3. Lock über die Quinjet Ramp;Quinjet Ramp – Fehlschüsse können schnell auf den rechten Flipper zurückkommen und Richtung Outlane ablaufen;Im Matchplay ist Quinjet Multiball der schnellste und sicherste Weg zu Punkten. Starte möglichst Captain America oder Hawkeye unmittelbar vor dem Multiball und stacke den Mode mit den Jackpots. Hulk und Black Widow sind starke Folgemodi, benötigen aber mehr Vorbereitung.
Metallica (2013);"Skillshot: obere Rollovers treffen; Super Skillshot: Dead End (oberste linke Lane) für zusätzlichen Bonus und Spielfortschritt.";Coffin Multiball vorbereiten → Captive Ball treffen → 3 Locks sammeln → Coffin Multiball starten → während des Multiballs möglichst Snake Lock (2× Playfield) aktivieren → danach Crank It Up vorbereiten.;Captive Ball: 5 Treffer für Lock 1, 10 weitere für Lock 2, 15 weitere für Lock 3 (Standard-Code). Kombos auf den Captive Ball zählen als zusätzliche Treffer. (Stern Pinball);Coffin Magnet (Sarg-Magnet links oben);Nach dem 3. Lock startet Coffin Multiball automatisch. (Stern Pinball);"Captive Ball – Fehlschüsse können schnell mittig oder auf den rechten Flipper zurückspringen; auch Sparky erzeugt gefährliche Rebounds.";Im Matchplay zuerst Coffin Multiball spielen. Idealerweise bereits 3 von 4 Guitar-Pick-Targets vor dem Multiball erledigen und direkt nach Multiball-Start den Snake Lock aktivieren – das bringt Add-a-Ball + 2× Playfield und ist eine der stärksten Scoring-Kombinationen des Spiels. Crank It Up lohnt sich erst, wenn die Voraussetzungen nahezu erfüllt sind. (Tilt Forums)
Mustang;Skillshot: beleuchtete Skillshot-Lane. Super Skillshot: linken Flipper gedrückt halten und den beleuchteten GEAR-Target treffen (idealerweise das A-Target für 2 Gear-Stufen). (Tilt Forums);Gears sammeln → Gear Multiball vorbereiten → 3 Locks sammeln → Gear Multiball starten → danach Rennen (z. B. Drag Race oder Road Course) für zusätzliches Scoring spielen.;Gear-Stufen durch GEAR-Targets und Spielprogress erhöhen. Mit genügend Gear-Fortschritt werden die Locks freigeschaltet. Insgesamt 3 Locks für Gear Multiball. (Pinside);Scoop (virtuelle Locks);Nach dem 3. Lock am Scoop startet Gear Multiball. (Pinside);GEAR-Targets – harte Abpraller können direkt zur Mitte oder auf den rechten Flipper zurückspringen.;Im Matchplay ist Gear Multiball der sicherste Punkteweg. Konzentriere dich zunächst auf den Gear-Fortschritt und spiele erst danach die Renn-Modi. Road Course und Police Pursuit sind wertvoll, kosten aber oft mehr Zeit als ein schneller erster Multiball. (Pinside)
The Walking Dead  (2014);Skillshot: Die beleuchtete Top-Lane treffen. Ein erfolgreicher Skillshot erhöht den Wert der nächsten Skillshots. (Tilt Forums);Prison Multiball vorbereiten → P-R-I-S-O-N am Gefängnis abschließen → Prison Walker besiegen → Prison Multiball starten → anschließend Well Walker oder einen Dead Feature Mode angehen.;"P-R-I-S-O-N durch Treffer auf das Prison Bash Toy buchstabieren. Nach Abschluss öffnen sich die Gefängnistüren; alle Hauptshots abschließen und den Prison Walker treffen, um den Multiball zu qualifizieren. (Google Docs)";Prison (mittiges Bash Toy mit den sich öffnenden Türen);Durch den finalen Treffer auf den Prison Walker im geöffneten Gefängnis. (Google Docs);Prison Bash Toy – harte Abpraller aus der Mitte können direkt zwischen die Flipper (SDTM) zurückkommen. Auch der Well Walker erzeugt unangenehme Rebounds. (Kineticist);Im Matchplay ist Prison Multiball meist der sicherste Start. Die beiden Stab Targets vor dem Prison erhöhen den Wert des nächsten Prison-Treffers – wenn möglich vor wichtigen Treffern mitnehmen. 2× Playfield (Tower) vor oder während Prison Multiball zu aktivieren, ist eine der stärksten Turnierstrategien. Well Walker Multiball ist ebenfalls schnell erreichbar, kann aber nicht mit Prison Multiball gestackt werden. (Google Docs)
Star Trek (2013);Skillshot: beleuchtete Top-Lane treffen. Super Skillshot: linken Flipper halten und den angezeigten Hauptshot (meist Left Ramp oder Warp Ramp) direkt treffen.;Klingon Battle starten → Vengeance Multiball vorbereiten → 3 Vengeance-Treffer für Locks → 3 Locks sammeln → Vengeance Multiball starten → anschließend Missions stacken und Enterprise Amok vorbereiten.;Den USS Vengeance Bash Toy mehrfach treffen, um jeweils einen Lock zu qualifizieren. Insgesamt 3 Locks für den ersten Vengeance Multiball. (tiltforums.com);USS Vengeance (mittiges Bash Toy, virtuelle Locks);Nach dem 3. Lock durch erneuten Treffer auf die USS Vengeance;USS Vengeance Bash Toy – harte Rückpraller aus der Mitte können direkt zwischen die Flipper oder auf den rechten Flipper mit wenig Reaktionszeit zurückkommen.;Im Matchplay ist Vengeance Multiball der schnellste und zuverlässigste Weg zu Punkten. Starte möglichst eine Mission (z. B. Klingon Battle) unmittelbar vor dem Multiball, um deren Wert mitzunehmen. Warp Ramps für Combo-Boni sind hilfreich, aber ein früher Multiball bringt meist die besseren Turnierergebnisse.
Ghostbusters (Stern);Skillshot: beleuchtete Top-Lane treffen. Super Skillshot: linken Flipper halten und direkt den beleuchteten Hauptshot (meist Left Scoop oder Left Ramp) treffen.;We Got One! starten → Storage Facility Multiball vorbereiten → 6 Geister fangen → 3 Locks sammeln → Storage Facility Multiball starten → anschließend PKE Frenzy oder Mass Hysteria vorbereiten.;6 Geister einfangen (Ghost-Hits über die Hauptshots). Danach werden insgesamt 3 Locks für den ersten Multiball qualifiziert. (tiltforums.com);Storage Facility (rechter Scoop, virtuelle Locks);Nach dem 3. Lock am Storage Facility Scoop;Slimer Target und Center Standups – Fehlschüsse können hart zurückprallen und direkt zwischen die Flipper laufen. Auch der rechte Scoop kann unangenehme Rückläufe erzeugen.;Im Matchplay möglichst schnell Storage Facility Multiball erreichen. Spiele einen einfachen City Mode (z. B. We Got One!) vor dem Multiball an und stacke ihn. PKE Frenzy ist eine starke Ergänzung, sollte aber den ersten Multiball nicht verzögern.
KISS (2015);Skillshot: beleuchtete Top-Lane treffen. Super Skillshot: linken Flipper halten und direkt den angezeigten Hauptshot (meist Left Ramp) treffen.;Deuce (oder Lick It Up) als ersten Song starten → Love Gun Multiball vorbereiten → 3 KISS-Targets abschließen → 3 Locks sammeln → Love Gun Multiball starten → anschließend weitere Songs für Playfield-X abschließen.;K-I-S-S Drop Targets vollständig treffen, um jeweils einen Lock zu qualifizieren. Insgesamt 3 Locks für den ersten Love Gun Multiball. (Kineticist);Starchild / Love Gun Lock (linke Rampe, virtuelle Locks);Nach dem 3. Lock über die Left Ramp startet Love Gun Multiball. (Kineticist);"Demon Head (Gene Simmons) – Fehlschüsse vom Bash Toy kommen oft hart zur Flippermitte zurück; auch die KISS-Drop-Targets können gefährliche Rückpraller erzeugen.";Im Matchplay sind abgeschlossene Songs wichtiger als der frühe Multiball. Bereits ein abgeschlossener Song verdoppelt alle Punkte (2× Playfield für den Rest der Kugel), ein zweiter erhöht auf 3×, später sogar 5× bzw. 10×. Spiele deshalb einen einfachen Song wie Deuce zuerst und kombiniere den Multiplikator anschließend mit Love Gun Multiball. (Kineticist)
WWE WrestleMania;Skillshot: beleuchtete Top-Lane treffen. Super Skillshot: linken Flipper halten und direkt die Left Ramp oder den angezeigten Hauptshot treffen.;Wrestler wählen → Trainings-Modi abschließen → Wrestling Match im Ring starten → 3 Locks sammeln → Championship Multiball starten → danach weitere Matches für den Titel spielen.;Durch absolvierte Training-Modes und Fortschritt im Wrestling Match werden die Locks freigeschaltet. Insgesamt 3 Locks für den ersten Championship Multiball. (Stern Pinball);Championship Lock (virtuelle Locks über die Hauptrampen/Scoop);Nach dem 3. Lock startet Championship Multiball. (Stern Pinball);"Ring-Eingang und 3er-Dropbank – Fehlschüsse können hart zur Flippermitte zurückkommen; auch Rückläufe aus dem oberen Ring sind schwer zu kontrollieren.";Im Matchplay zählt der schnelle erste Multiball mehr als lange Matches. Nutze das Training, um die Locks freizuschalten, starte früh den Championship Multiball und vermeide es, zu viel Zeit im Ring für einzelne Wrestling-Matches zu investieren.
Game of Thrones (2015);Skillshot: beleuchtete Top-Lane treffen. Super Skillshot: linken Flipper halten und den angezeigten Hauptshot (meist Left Ramp oder Right Orbit) direkt treffen.;Haus Stark (oder Greyjoy) wählen → Wall Multiball vorbereiten → 3 Locks sammeln → Wall Multiball starten → Gold sammeln und Shot-Multiplikatoren aufbauen → anschließend weitere Häuser spielen.;"Castle Black durch Treffer auf die Hauptshots aufbauen; insgesamt 3 Locks für Wall Multiball qualifizieren.";Castle Black / Wall Lock (virtuelle Locks über den rechten Scoop);Nach dem 3. Lock am Castle Black Scoop startet Wall Multiball. (Kineticist);"Center Ramp und Right Orbit – Fehlschüsse kommen häufig schnell auf den rechten Flipper zurück; unkontrollierte Rückläufe sind gefährlich.";Im Matchplay zuerst Wall Multiball spielen. Haus Stark ist wegen der sicheren Rampen und des konstanten Scorings die beliebteste Turnierwahl. Nutze gesammeltes Gold, um wichtige Features wie Shot-Multiplikatoren oder Add-a-Ball zu kaufen – diese bringen oft mehr als das schnelle Wechseln zwischen den Häusern. (Kineticist) Für konstante Ergebnisse ist Stark die sicherste Hauswahl. Erfahrene Turnierspieler wählen jedoch häufig Martell, da das Haus beim Stacken von Modi und Multiballs das höchste Scoring-Potenzial bietet.
Batman '66 (2016);Skillshot: beleuchtete Top-Lane treffen. Super Skillshot: linken Flipper halten und direkt den angezeigten Hauptshot (meist Left Ramp oder Batphone) treffen.;Villain Mode starten (Joker oder Riddler sind gute Einstiege) → Batcave Multiball vorbereiten → 3 Locks sammeln → Batcave Multiball starten → Villain-Modes mit Multiball stacken → Shot-X aufbauen.;BATMAN vervollständigen und Fortschritt in den Villain-Modes erzielen, um die 3 Locks für Batcave Multiball zu qualifizieren. (dc.com);Batcave Scoop (virtuelle Locks);Nach dem 3. Lock über den Batcave Scoop;Batphone und Center Shot – Fehlschüsse können schnell SDTM oder auf den rechten Flipper mit wenig Reaktionszeit zurückkommen.;Im Matchplay möglichst früh Batcave Multiball erreichen und mit einem Villain-Mode stacken. Besonders Joker und Riddler sind schnell und zuverlässig. Ein früher Shot-Multiplikator bringt oft mehr als das Verfolgen vieler Bösewichte gleichzeitig.
Spider-Man Vault Edition (2016);Skillshot: beleuchtete Top-Lane treffen. Super Skillshot: linken Flipper halten und direkt die Left Orbit oder Doc Ock Ramp treffen.;Doc Ock Multiball vorbereiten → DOC OCK-Targets abschließen → 3 Locks sammeln → Doc Ock Multiball starten → danach Villain-Modes (Sandman, Venom, Green Goblin) weiterspielen → Battle Royale vorbereiten.;DOC OCK durch Treffer auf die Doc Ock Bank vervollständigen. Insgesamt 3 Locks für den ersten Multiball. (Tilt Forums);Doc Ock Magnet Lock (linke Rampe, physische Locks);Nach dem 3. Lock am Doc Ock Magnet startet Doc Ock Multiball. (Tilt Forums);Doc Ock Standups – harte Rückpraller können direkt zur Mitte (SDTM) oder auf den rechten Flipper zurückkommen. Auch Fehlschüsse auf die rechte Rampe sind gefährlich.;Im Matchplay ist Doc Ock Multiball das erste Ziel. Spiele möglichst einen einfachen Villain-Mode (z. B. Sandman) vor dem Multiball und stacke ihn. Battle Royale ist sehr wertvoll, aber für die meisten Matchplay-Partien zu weit entfernt. (Tilt Forums)
Aerosmith (2017);Skillshot: beleuchtete Top-Lane treffen. Super Skillshot: linken Flipper halten und direkt den Toy Box Shot (linke Rampe) oder den angezeigten Hauptshot treffen.;Song starten (z. B. Walk This Way oder Back in the Saddle) → Toy Box Multiball vorbereiten → 3 Locks sammeln → Toy Box Multiball starten → Song mit dem Multiball stacken → Jacky in the Box und Elevator später angehen.;Toy Box durch Treffer auf die linke Rampe (Toy Box) aufbauen. Insgesamt 3 Locks für den ersten Toy Box Multiball. (Stern Pinball);Toy Box (linke Rampe, physische Locks in der Premium/LE, virtuelle Locks in der Pro);Nach dem 3. Lock über die Toy Box;"Toy Box Ramp – Fehlschüsse können schnell auf den rechten Flipper zurückkommen; auch der Dämon-Toy erzeugt unangenehme Abpraller.";Im Matchplay zuerst Toy Box Multiball erreichen und mit einem Song stacken. Besonders Walk This Way und Back in the Saddle liefern schnell verwertbare Punkte. Ein früher Toy Box Multiball ist meist erfolgreicher als der sofortige Fokus auf Elevator Multiball oder den Wizard Mode.
Guardians of the Galaxy (2017);Skillshot: beleuchtete Top-Lane treffen. Super Skillshot: linken Flipper halten und direkt die Orb Shot (Center Spinner) oder den angezeigten Hauptshot treffen.;Cherry Bomb Multiball vorbereiten → ORB-Targets abschließen → 3 Locks sammeln → Cherry Bomb Multiball starten → mit einem Mode (z. B. Knowhere oder Xandar) stacken → anschließend Orb Multiball vorbereiten.;ORB durch Treffer auf die Orb-Targets vervollständigen. Danach werden die 3 Locks für Cherry Bomb Multiball freigeschaltet.;Groot Lock (linke Rampe, physische Locks bei Premium/LE, virtuelle Locks bei Pro);Nach dem 3. Lock über die linke Rampe/Groot startet Cherry Bomb Multiball.;Orb Shot (Center Spinner) – Fehlschüsse können direkt zwischen die Flipper zurücklaufen. Auch Treffer auf Groot erzeugen gelegentlich unkontrollierte Rückpraller.;Im Matchplay ist Cherry Bomb Multiball das erste Ziel. Starte unmittelbar vorher einen Planeten-Mode, damit dessen Wert während des Multiballs mitläuft. Orb Multiball ist sehr lukrativ, benötigt aber mehr Vorbereitung und ist meist das zweite Ziel.
Iron Maiden: Legacy of the Beast (2018);Skillshot: beleuchtete Top-Lane treffen. Super Skillshot: linken Flipper halten und direkt die Left Ramp oder den angezeigten Hauptshot treffen.;Trooper Multiball vorbereiten → Eddie Letters (E-D-D-I-E) sammeln → 3 Locks qualifizieren → Trooper Multiball starten → möglichst einen Battle-Mode stacken → anschließend Mummy oder Pharaoh angehen.;E-D-D-I-E durch Hauptshots vervollständigen. Nach jedem vollständigen Satz wird ein Lock qualifiziert. Insgesamt 3 Locks für den ersten Trooper Multiball.;Sarcophagus Lock (Sarkophag links oben, physische Locks bei Premium/LE, virtuelle Locks bei Pro);Nach dem 3. Lock am Sarkophag startet Trooper Multiball.;Newton Ball (Center) – Fehlschüsse können unkontrolliert zwischen die Flipper zurückprallen. Auch der Sarkophag-Shot kann gefährliche Rückläufe erzeugen.;Im Matchplay ist Trooper Multiball die höchste Priorität. Starte nach Möglichkeit vorher einen Battle-Mode (z. B. Aces High oder Powerslave) und stacke ihn mit dem Multiball. Nutze den 2× Playfield-X, wenn verfügbar – das ist eine der stärksten Scoring-Kombinationen des Spiels.
The Munsters (2019);Skillshot: beleuchtete Top-Lane treffen. Super Skillshot: linken Flipper halten und direkt die Left Ramp oder den Grandpa Shot treffen.;Raven Multiball vorbereiten → R-A-V-E-N vervollständigen → 3 Locks sammeln → Raven Multiball starten → anschließend Familienmitglieder (Herman, Lily, Grandpa usw.) abschließen und Munster Madness vorbereiten.;R-A-V-E-N durch Hauptshots vervollständigen. Nach jedem vollständigen Satz wird ein Lock qualifiziert. Insgesamt 3 Locks für den ersten Raven Multiball.;Raven Lock (linke Rampe, virtuelle Locks);Nach dem 3. Lock über die Left Ramp startet Raven Multiball.;Spot Target (Center Bash Toy) – harte Rückpraller können direkt zwischen die Flipper laufen. Auch Fehlschüsse auf den Grandpa Scoop sind gefährlich.;Im Matchplay ist Raven Multiball die höchste Priorität. Spiele möglichst gleichzeitig die Familienmodi weiter, da sich deren Fortschritt gut mit dem Multiball kombinieren lässt. Munster Madness ist zwar sehr wertvoll, in einer typischen Matchplay-Partie aber meist kein realistisches erstes Ziel.
Jurassic Park (2019);Skillshot: beleuchtete Top-Lane treffen. Super Skillshot: linken Flipper halten und direkt den Tower Shot (Left Ramp) oder den angezeigten Hauptshot treffen.;Control Room starten → T. Rex Multiball vorbereiten → 3 Capture Locks sammeln → T. Rex Multiball starten → Dinosaurier-Modi stacken → Escape Nublar vorbereiten.;Den T.-Rex mehrfach treffen und Dinosaurier fangen (Capture). Nach jeder erfolgreichen Capture wird ein Lock qualifiziert. Insgesamt 3 Locks für den ersten T. Rex Multiball.;Raptor Paddock / T.-Rex Lock (virtuelle Locks über den Captive Ball/T.-Rex);Nach dem 3. Lock startet T. Rex Multiball.;T.-Rex Captive Ball – harte Rückpraller können direkt zwischen die Flipper laufen. Auch Fehlschüsse auf die Truck-Rampe kommen häufig schnell zurück.;Im Matchplay ist T. Rex Multiball das erste Ziel. Spiele möglichst einen Dinosaurier-Modus parallel zum Multiball. Control Room Awards (z. B. 2× Capture oder Playfield-X) können den Wert des Multiballs deutlich steigern. Escape Nublar ist ein Langzeitziel und in Matchplay meist zweitrangig.
Teenage Mutant Ninja Turtles (2020);Skillshot: beleuchtete Top-Lane treffen. Super Skillshot: linken Flipper halten und direkt den Pizza Parlor Shot (linke Rampe) oder den angezeigten Hauptshot treffen.;Pizza Multiball vorbereiten → P-I-Z-Z-A vervollständigen → 3 Locks sammeln → Pizza Multiball starten → Turtle-Mode stacken → anschließend Krang oder Team-Up vorbereiten.;P-I-Z-Z-A durch Treffer auf die Hauptshots vervollständigen. Nach jedem vollständigen Satz wird ein Lock qualifiziert. Insgesamt 3 Locks für den ersten Pizza Multiball.;Pizza Parlor (linke Rampe, virtuelle Locks);Nach dem 3. Lock über den Pizza Parlor startet Pizza Multiball.;Pizza Spinner / Turtle Van – Fehlschüsse auf den mittleren Spinner oder den Van können schnell und flach zwischen die Flipper zurücklaufen.;Im Matchplay ist Pizza Multiball die höchste Priorität. Starte möglichst einen Turtle-Mode (Leonardo oder Raphael sind beliebte Optionen) direkt vor dem Multiball. Die Kombination aus Mode und Multiball bringt deutlich mehr Punkte als beide getrennt zu spielen. Krang Multiball ist stark, benötigt aber wesentlich mehr Vorbereitung.
Led Zeppelin (2020);Skillshot: beleuchtete Top-Lane treffen. Super Skillshot: linken Flipper halten und direkt die Left Ramp oder den angezeigten Song-Shot treffen.;Song starten (z. B. Good Times Bad Times oder Communication Breakdown) → Zeppelin Multiball vorbereiten → 3 Locks sammeln → Zeppelin Multiball starten → Song mit Multiball stacken → anschließend Tour Multiball vorbereiten.;ZEPPELIN durch Hauptshots vervollständigen. Nach jedem vollständigen Satz wird ein Lock qualifiziert. Insgesamt 3 Locks für den ersten Zeppelin Multiball.;Zeppelin Toy (Luftschiff, virtuelle Locks über die Left Ramp);Nach dem 3. Lock startet Zeppelin Multiball über den Zeppelin-Shot.;Electric Magic Spinner – Fehlschüsse können schnell zur Mitte zurücklaufen. Auch Schüsse auf das Zeppelin Toy erzeugen gelegentlich unangenehme Rebounds.;Im Matchplay zuerst Zeppelin Multiball erreichen und mit einem Song stacken. Ein früher Song wie Good Times Bad Times liefert konstanten Fortschritt und erhöht den Wert des Multiballs. Tour Multiball ist stark, benötigt aber deutlich mehr Vorbereitung und ist meist das zweite Ziel.
Godzilla (2021);Skillshot: beleuchtete Top-Lane treffen. Super Skillshot: linken Flipper halten und direkt den Bridge Shot (linke Rampe) oder den angezeigten Hauptshot treffen.;Kaiju Battle starten → Bridge Attack abschließen → Mechagodzilla Multiball vorbereiten → 3 Locks sammeln → Mechagodzilla Multiball starten → Battle mit Multiball stacken → anschließend Tank Multiball vorbereiten.;Mechagodzilla mehrfach treffen, bis LOCK leuchtet. Insgesamt 3 Locks für den ersten Mechagodzilla Multiball.;Mechagodzilla Magnet (Center-Shot, virtuelle Locks);Nach dem 3. Lock am Mechagodzilla-Shot startet Mechagodzilla Multiball.;Mechagodzilla Spinner/Magnet – Fehlschüsse können schnell SDTM zurückkommen. Auch der Building Shot ist bei ungenauen Treffern gefährlich.;Im Matchplay ist Mechagodzilla Multiball meist das erste Ziel. Starte möglichst vorher einen Kaiju Battle (z. B. Gigan oder Ebirah) und stacke ihn mit dem Multiball. Nutze 2× Playfield oder einen Shot Multiplier, wenn verfügbar. Tank Multiball und Terror of Mechagodzilla sind starke Folgeschritte, aber meist zweitrangig.
Pulp Fiction (2023);"Skillshot: beleuchtete Top-Lane treffen; Super Skillshot: direkt den beleuchteten Hauptshot (meist linker Orbit) anspielen.";Pawn Shop oder Bar Mode starten → Briefcase Multiball vorbereiten → 3 Locks sammeln → Briefcase Multiball starten → Modi mit dem Multiball stacken → anschließend Charakter-Modi weiterspielen.;Durch Fortschritt in den Modi und Treffer auf die Briefcase-/Safe-Shots werden 3 Locks für den ersten Multiball qualifiziert.;Briefcase Lock (virtueller Lock über den Safe-/Briefcase-Shot);Nach dem 3. Lock am Briefcase/ Safe Shot startet Briefcase Multiball.;Safe-/Briefcase-Shot – Fehlschüsse können hart auf den rechten Flipper oder Richtung Mitte zurückprallen.;Im Matchplay ist Briefcase Multiball die höchste Priorität. Starte möglichst unmittelbar davor einen Modus und stacke ihn mit dem Multiball. Die Kombination aus Modus + Jackpots bringt deutlich mehr Punkte als beide getrennt zu spielen.
Galactic Tank Force (2023);Skillshot: beleuchtete Top-Lane treffen. Super Skillshot: linken Flipper halten und direkt die Left Ramp oder den angezeigten Hauptshot treffen.;Tank Battle starten → Tank Multiball vorbereiten → 3 Locks sammeln → Tank Multiball starten → Battle mit dem Multiball stacken → anschließend Alien-Invasionen weiterspielen.;Durch Treffer auf den Tank und Fortschritt in den Battles werden 3 Locks für den ersten Tank Multiball qualifiziert.;Tank Lock (virtuelle Locks über den Tank-/Center-Shot);Nach dem 3. Lock am Tank Shot startet Tank Multiball.;Tank Bash Toy – Fehlschüsse können hart zwischen die Flipper oder auf den rechten Flipper zurückprallen.;Im Matchplay ist Tank Multiball die höchste Priorität. Starte möglichst einen Battle-Mode direkt vor dem Multiball und stacke ihn. Zusätzliche Modi oder Wizard-Ziele bringen zwar hohe Punkte, sind in einer typischen Matchplay-Partie aber meist nachrangig.
Legends of Valhalla (2023);Skillshot: beleuchtete Top-Lane treffen. Super Skillshot: linken Flipper halten und direkt die Left Ramp oder den angezeigten Hauptshot treffen.;Quest starten → Valhalla Multiball vorbereiten → 3 Locks sammeln → Valhalla Multiball starten → Quest mit dem Multiball stacken → anschließend weitere Quests und Runen sammeln.;Durch das Abschließen von Quests und das Sammeln der erforderlichen Fortschritte werden insgesamt 3 Locks für Valhalla Multiball qualifiziert.;Valhalla Lock (virtuelle Locks über den Scoop);Nach dem 3. Lock am Valhalla Scoop startet Valhalla Multiball.;Center Scoop – Fehlschüsse können direkt auf den rechten Flipper oder zwischen die Flipper zurücklaufen. Auch der mittlere Target-Bereich erzeugt unangenehme Rückpraller.;Im Matchplay ist Valhalla Multiball die höchste Priorität. Starte möglichst direkt vorher eine Quest, damit deren Wert während des Multiballs mitläuft. Das bringt deutlich mehr Punkte als Quest und Multiball getrennt zu spielen.
Barry O's Barbecue Challenge (2024);Skillshot: beleuchtete Top-Lane treffen. Super Skillshot: linken Flipper halten und direkt den beleuchteten Hauptshot (meist Left Ramp) treffen.;Cook-Off Mode starten → BBQ Multiball vorbereiten → 3 Locks sammeln → BBQ Multiball starten → Cook-Off mit dem Multiball stacken → anschließend Rezept- und Challenge-Fortschritt ausbauen.;Durch Fortschritt bei den Cook-Offs und Hauptshots werden insgesamt 3 Locks für den ersten BBQ Multiball qualifiziert.;BBQ Smoker / Scoop (virtuelle Locks);Nach dem 3. Lock über den BBQ-Smoker/Scoop startet BBQ Multiball.;Center Scoop – Fehlschüsse können schnell auf den rechten Flipper oder Richtung Mitte zurückprallen. Auch der Smoker-Shot kann unangenehme Rückläufe erzeugen.;Im Matchplay ist BBQ Multiball die höchste Priorität. Starte möglichst direkt davor einen Cook-Off-Mode, damit dessen Wert während des Multiballs mitläuft. Die umfangreichen Rezept- und Sammelziele bringen langfristig viele Punkte, sind in einer normalen Matchplay-Partie aber meist zweitrangig.
Dungeons & Dragons: The Tyrant's Eye (2025);Skillshot: beleuchtete Top-Lane treffen. Super Skillshot: linken Flipper halten und direkt den angezeigten Hauptshot (meist Left Ramp) treffen.;Quest starten → Dragon Multiball vorbereiten → 3 Locks sammeln → Dragon Multiball starten → Quest mit dem Multiball stacken → anschließend Charakter-Fähigkeiten und weitere Quests ausbauen.;Durch Quest-Fortschritt und das Besiegen von Gegnern werden die 3 Locks für Dragon Multiball qualifiziert.;Dragon Lock (virtuelle Locks über den Drachen-/Scoop-Shot);Nach dem 3. Lock über den Dragon Shot/Scoop startet Dragon Multiball.;Dragon Bash Shot – Fehlschüsse können hart zur Flippermitte oder auf den rechten Flipper zurückprallen.;Im Matchplay ist Dragon Multiball die höchste Priorität. Starte möglichst direkt davor eine Quest, damit deren Wert während des Multiballs mitläuft. Konzentriere dich auf wenige, schnell abschließbare Quests statt viele parallel zu beginnen.
Tiger Rag (Gottlieb 1965);Alle 4 oberen Rollovers treffen, ohne vorher den Saucer oder andere Schalter zu berühren (Replay-/Skillshot);Weiße Elefanten-Targets (links Mitte) komplettieren → Bonus-X erhöhen → anschließend Saucer (oben Mitte) für hohe Wertung spielen → Lancer-Feature weiter aufbauen;– (kein Lock);–;–;Saucer (oben Mitte) – Rimm-Outs können den Ball unkontrolliert zur rechten Flipperseite zurückwerfen;Im Matchplay zuerst konsequent den Bonus-X über die Elefanten-Targets aufbauen. Erst danach den Saucer regelmäßig spielen. Specials und Replay-Funktionen bringen im Turnier nichts – Ballkontrolle und Bonus sichern sind deutlich wertvoller.
Gondolier (1961);Kein klassischer Skillshot. Den Abschuss so kontrollieren, dass möglichst die oberen Rollovers für Bonus und Punkte getroffen werden.;Obere Rollovers vervollständigen → Drop-/Standup-Targets für Bonus und Bonus-X spielen → anschließend den Top Saucer gezielt anspielen. Ballkontrolle hat Vorrang vor riskanten Schüssen.;– (kein Lock);–;–;Top Saucer (oben Mitte) – Kickouts können unvorhersehbar auf die Flipper oder Richtung Outlane zurückkommen.;Im Matchplay zählt der Bonusaufbau mehr als Einzelpunkte. Replay- und Special-Lampen ignorieren. Sichere Schüsse auf Rollovers und Targets sind auf Dauer erfolgreicher als aggressive Saucer-Versuche.
Wizard (1975);Kein klassischer Skillshot. Versuche den Abschuss über die oberen Rollovers für Bonus und Multiplikator zu kontrollieren.;Drop-Targets vervollständigen → Bonus-X erhöhen → Spinner und Rollovers bei Beleuchtung spielen → Bonus sichern. Ballkontrolle ist wichtiger als riskante Einzelpunkte.;– (kein Lock);–;–;Drop-Targets (Mitte) – Harte Abpraller können direkt zwischen die Flipper oder auf die Slingshots zurückkommen.;Im Matchplay stehen Bonus und Bonus-X an erster Stelle. Replay-, Special- und Extra-Ball-Ziele können ignoriert werden. Lieber kontrollierte Spinner- und Target-Schüsse spielen als riskante Versuche auf einzelne hohe Punkte.
Fan-Tas-Tic (1972);Kein klassischer Skillshot. Den Abschuss möglichst so steuern, dass die oberen Rollovers für Bonus und Multiplikator getroffen werden.;Drop-Targets und Standup-Targets vervollständigen → Bonus-X aufbauen → beleuchteten Spinner spielen → Bonus sichern. Ballkontrolle hat Vorrang vor riskanten Schüssen auf Specials.;– (kein Lock);–;–;Mittlere Drop-Targets – harte Abpraller können unkontrolliert zur Spielfeldmitte oder auf die Slingshots zurückkommen.;Im Matchplay sind Bonus und Bonus-X entscheidend. Replay-, Special- und Extra-Ball-Ziele ignorieren. Konzentriere dich auf sichere Target-Treffer und den beleuchteten Spinner, anstatt riskante Schüsse auf Einzelwertungen zu erzwingen.
Big Betty's Truck Stop (2024);Skillshot: beleuchtete Top-Lane treffen. Super Skillshot: linken Flipper halten und direkt den angezeigten Hauptshot (meist Left Ramp) treffen.;Customer Order starten → Truck Stop Multiball vorbereiten → 3 Locks qualifizieren → Truck Stop Multiball starten → Order mit dem Multiball stacken → anschließend weitere Orders und Road Events spielen.;Durch Order-Fortschritt und Treffer auf die Hauptshots werden insgesamt 3 Locks für den ersten Truck Stop Multiball qualifiziert.;Truck Stop Lock (virtuelle Locks über den Truck-Stop-/Scoop-Shot);Nach dem 3. Lock über den Truck Stop Scoop startet Truck Stop Multiball.;Center Scoop – Fehlschüsse können schnell auf den rechten Flipper oder direkt Richtung Spielfeldmitte zurückkommen.;Im Matchplay ist Truck Stop Multiball die höchste Priorität. Starte möglichst direkt vorher eine Customer Order, damit deren Wert während des Multiballs mitläuft. Zusätzliche Sammelziele und Road Events sind eher Langzeitziele und in einer typischen Matchplay-Partie zweitrangig.
Evil Dead (2025);Skillshot: blinkendes GROOVY-Target treffen. Super Skillshot: linken Flipper halten und den blinkenden Hauptschuss innerhalb von 5 Sekunden treffen. (Tilt Forums);Weiße Rampen schießen, um einen Film-Modus zu qualifizieren → Modus über den Shot unter der rechten Rampe starten → parallel Boomstick Multiball oder Cabin Multiball aufbauen und möglichst mit einem Modus stacken. (Tilt Forums);Boomstick MB: Shotgun-Mission erfüllen und Lock & Load qualifizieren. Cabin MB: Drop-Targets abschießen und den Lock freispielen. (Tilt Forums);Cabin Lock über den Ball-Lock hinter den heruntergeschossenen Cabin-Drop-Targets. Für Boomstick MB erfolgt die Qualifikation über den Keller-/Shotgun-Ablauf (kein klassischer Lock). (Tilt Forums);Nach erfüllter Qualifikation über den jeweiligen Cabin- bzw. Boomstick-Multiball-Start. (Tilt Forums);Shot unter der rechten Rampe (Mode Start) – Fehlschüsse können schnell und flach zur rechten Flipperseite zurückkommen.;Im Matchplay zuerst einen Film-Modus starten und mit Boomstick oder Cabin Multiball stacken. Blood Flood (Playfield-X) nebenbei mitnehmen, aber keine riskanten Extradrehungen nur für kleine Awards erzwingen. Frühes Stacking bringt die konstantesten Punkte. (Tilt Forums)
The Princess Bride (2024);Farm Boy Skillshot: die vorgegebene Skillshot-Kombination (Rampen/Orbits) in der richtigen Reihenfolge treffen. Jede abgeschlossene Kombination verleiht ein „As You Wish“-Award. (Tilt Forums);TRUE LOVE über die seitlichen Targets buchstabieren → True Love Multiball vorbereiten. Parallel Castle-, Florin- oder Guilder-Modi starten und wenn möglich mit dem Multiball stacken. (Tilt Forums);True Love Multiball: TRUE LOVE über die linken und rechten Side-Targets vervollständigen. Prepare to Die MB: 6 Glove-Shots sammeln. (Tilt Forums);True Love MB: Max's Hut (links der Spielfeldmitte). Prepare to Die MB benötigt keinen klassischen Ball-Lock. (Tilt Forums);True Love MB: über Max's Hut. Prepare to Die MB: nach dem 6. Glove-Shot automatisch bzw. über den entsprechenden Startablauf. (Tilt Forums);Cliffs (GUILDER) – der Magnet-/Cliff-Mechanismus kann Fehlschüsse unkontrolliert umlenken und zu schwierigen Rückläufen führen. (Tilt Forums);Im Matchplay ist True Love Multiball der sicherste erste Schwerpunkt. TRUE LOVE früh vervollständigen und den Multiball möglichst mit einem Castle- oder Florin-Modus stacken. Guilder-Modi und As You Wish bringen zwar hohe Punkte, sind aber anspruchsvoller und eher etwas für längere Partien. (Tilt Forums)
Beetlejuice (2026);Skillshot: den Abschuss so timen, dass der Ball zum rechten Flipper kommt. Super Skillshot: anschließend die Kombination aus linker Rampe → rechter Rampe → Spinner treffen. (Tilt Forums);3 violette Shots treffen → Mode über den Right Orbit starten → parallel Afterlife Couch Multiball aufbauen. Wenn möglich, Modus und Multiball stacken. (Tilt Forums);Upper Loop um die Couch schießen, um Locks zu qualifizieren. Insgesamt 3 Ball-Locks für den ersten Afterlife Couch Multiball. (Tilt Forums);Couch Lock (oberes Spielfeld, Couch-Lock). Die Locks erfolgen über den Right Ramp. (Tilt Forums);Nach dem 3. Lock startet der Afterlife Couch / Now Serving Multiball. (Tilt Forums);Right Orbit (Mode Start) – Fehlschüsse auf das Drop-Target können schnell und flach zur rechten Flipperseite zurückkommen. (Tilt Forums);Im Matchplay zuerst einen Story-Modus starten und anschließend den Afterlife Couch Multiball stacken. Strange & Unusual Multiball ist ebenfalls schnell erreichbar, bringt aber meist weniger konstante Punkte als der Couch-Multiball. Nutze die Magna-Save aktiv, sie ist ein wichtiger Lebensretter auf diesem Spiel. (Tilt Forums)
Alice's Adventures in Wonderland (2024);2-stufiger Skillshot: Soft Plunge ohne Pop Bumper/Rollover für den gewählten Award. Super Skillshot: Direkt nach dem Abschuss innerhalb von 5 Sekunden den VUK (Rabbit Hole) treffen, um das Mini-Spielfeld zu aktivieren. (Tilt Forums);Früh Wonderland-Modus starten → White Rabbit und Character-Shots aufbauen → True Love/Story-Modi (je nach Code-Version) bzw. den ersten Multiball vorbereiten. Wenn möglich, Modus + Multiball stacken. (Pinside);Für den ersten Multiball müssen die entsprechenden Lock-Shots mehrfach getroffen werden (typisch 3 Locks). Welche Shots zählen, hängt vom gewählten Multiball ab. (Pinside);Physischer Ball-Lock über den beleuchteten Lock-Shot auf dem oberen Spielfeld. (Pinside);Nach dem letzten Lock über den beleuchteten Multiball-Startshot. (Pinside);Linker U-Turn – ein sauber getroffener Schuss kann ohne Nudge direkt in Richtung Center Drain zurücklaufen. Das wird von vielen Spielern als eine der gefährlichsten Stellen des Spiels beschrieben. (Reddit);Im Matchplay zuerst den ersten Story-Modus und anschließend den ersten Multiball erreichen. Zusätzliche Sammelziele und komplexe Nebenpfade bringen zwar langfristig Punkte, sind aber in einer typischen Turnierpartie meist weniger effizient als ein früher gestackter Modus mit Multiball. (Tilt Forums)
Ninja Eclipse (2024);Stealth Skillshot: den Ball in die beleuchtete Shadow Lane plungen. Death Blow Skillshot: anschließend den Critical-Hit-Newton-Ball treffen. Weitere Skillshots folgen in Turnierreihenfolge. (turnerpinball.com);Castle treffen und einen Oni Battle starten → parallel die Center Standup Targets für Ninja Storm Multiball abschießen → möglichst Battle und Multiball stacken. (Kineticist);Center Standup Targets vervollständigen, um den Lock zu qualifizieren. Für den ersten Ninja Storm Multiball sind 3 Locks erforderlich. (turnerpinball.com);Right Ramp (physischer Ball-Lock). (Kineticist);Nach dem 3. Lock über die Right Ramp startet Ninja Storm Multiball. (turnerpinball.com);Right Ramp – Fehlschüsse können schnell zur rechten Outlane oder unkontrolliert auf den rechten Flipper zurücklaufen.;Im Matchplay früh einen Oni Battle starten und gleichzeitig Ninja Storm Multiball aufbauen. Kami-Fähigkeiten (über die Guardian-Statue und den Right Scoop) sind stark, sollten aber nur mitgenommen werden, wenn sie sich natürlich ergeben. Der schnellste und sicherste Punkteweg ist ein gestackter Battle + Ninja Storm Multiball. (turnerpinball.com)
Pokémon (2026);Skillshot: beleuchtete Top-Lane treffen. Super Skillshot: direkt den Town Scoop oder den Pokédex Captive Ball (je nach Ansage) treffen. (Tilt Forums);Story Mode starten → Pokémon fangen → Training Targets vor den Modi abschließen → parallel Team Rocket Multiball aufbauen. Wenn möglich, Story Mode und Multiball stacken. (Tilt Forums);Meowth Balloon mehrfach treffen, bis Team Rocket Multiball qualifiziert ist (3 Treffer auf den abgesenkten Ballon nach der Vorbereitung). (Kineticist);Kein klassischer Ball-Lock. Team Rocket Multiball wird über den Meowth Balloon und die Center Lane qualifiziert. (Kineticist);Über die Center Lane, nachdem Team Rocket Multiball qualifiziert wurde. (Kineticist);Town Scoop (links Mitte) – Fehlschüsse können hart auf den rechten Flipper oder Richtung Mitte zurückkommen. Der Pokédex Captive Ball kann ebenfalls unangenehme Rückläufe erzeugen. (Kineticist);Im Matchplay zuerst einen Story Mode starten und parallel Team Rocket Multiball aufbauen. Training vor dem Modus erhöht dessen Wert deutlich, und ein gestackter Story Mode + Team Rocket Multiball ist aktuell der konstanteste Weg zu hohen Turnierpunkten. 2× Playfield (Berry Targets) nur aktivieren, wenn es sich ohne Umwege ergibt. (Kineticist)
Yukon Yeti (2026);Skillshot: beleuchtete Top-Lane treffen. Super Skillshot: direkt den angesagten Hauptschuss (je nach Spielzustand) treffen, bevor weitere Schalter ausgelöst werden.;Trading Post nutzen und Vorräte (Supplies) sammeln → einen der 12 Story-Modi starten → parallel Avalanche Multiball vorbereiten → Story-Modus und Multiball möglichst stacken. (turnerpinball.com);3 Locks für den ersten Avalanche Multiball qualifizieren. Im Spiel existiert zusätzlich ein spektakulärer 5-Ball-Avalanche-Lock als zentrales Feature. (turnerpinball.com);Avalanche Ramp (physischer Ball-Lock im Treppenmechanismus). Zusätzlich gibt es einen versteckten Yeti-Lock für spätere Spielziele. (turnerpinball.com);Nach dem letzten Lock über die Avalanche Ramp startet Avalanche Multiball. (turnerpinball.com);Wavy Rapids Ramp – Fehlschüsse können unberechenbar auf den rechten Flipper oder Richtung Spielfeldmitte zurücklaufen. Auch der Rücklauf vom oberen Spielfeld verlangt saubere Ballkontrolle. (pinballnews.com);Im Matchplay zuerst Supplies sammeln, einen Story-Modus starten und anschließend Avalanche Multiball stacken. Lange Nebenziele wie Gold Nuggets oder Wizard-Mode-Aufbau lohnen sich meist erst in längeren Partien. Der frühe Avalanche Multiball liefert den konstantesten Punktertrag. (turnerpinball.com)
Transformers: More Than Meets the Eye (2026);Skillshot: beleuchtete Top-Lane treffen. Super Skillshot: direkt den Energon Spinner oder den angesagten Hauptschuss treffen.;Episode Mission starten → Energon Cubes sammeln → parallel Transformers Multiball aufbauen → Dinobot Mission nach Möglichkeit mit der Hauptmission stacken. (pinballarchive.com);3 Locks für den ersten Transformers Multiball qualifizieren. Zusätzlich können Dinobot Missions über den linken Orbit vorbereitet werden. (pinballarchive.com);Soundwave Cassette Deck (Premium/LE physischer Lock). Pro: virtueller Lock über den entsprechenden Lock-Shot. (pinballarchive.com);Nach dem letzten Lock über den beleuchteten Multiball-Startshot. (pinballarchive.com);Right Ramp / Fusion Cannon – Fehlschüsse oder Rückwürfe von Megatrons Fusion Cannon können sehr schnell und unberechenbar auf den rechten Flipper zurückkommen. (pinball.co.uk);Im Matchplay früh eine Episode Mission starten und gleichzeitig Energon Cubes sammeln. Ein gestackter Episode Mode + Transformers Multiball + Dinobot Mission ist aktuell der stärkste und konstanteste Punkteweg. Energon erleichtert Missionen (weniger Punkte), während Cosmic Rust sie schwieriger, aber wertvoller macht – für Turniere ist meist der sichere Energon-Weg die bessere Wahl. (pinballarchive.com)
Sonic the Hedgehog (2026);Ball 1: Über linke oder mittlere Rampe ins obere Spielfeld schießen und Dr. Eggman treffen. Spätere Bälle: Award wählen und über einen weißen Shot oder den pinken Super Skillshot einsammeln. (Tilt Forums);Eine Zone auswählen → Checkpoints abschließen → den Goal Ring erreichen → Boss Battle gegen Eggman gewinnen. Parallel Chaos Emerald Multiball oder Sonic Heroes Multiball aufbauen und möglichst mit einer Zone stacken. (Tilt Forums);Chaos Emerald Multiball: Inline-Drop-Targets vervollständigen, danach 3 Locks sammeln. Sonic Heroes MB: Je 3 Teammitglieder pro Team sammeln. (pinball.co.uk);Chaos Emerald Multiball: physischer Lock über den beleuchteten Lock-Shot. Sonic Heroes MB: kein klassischer Ball-Lock – Fortschritt über HERO-Lanes und anschließend den BASH-Target. (pinball.co.uk);Chaos Emerald MB: nach dem letzten Lock. Sonic Heroes MB: über den BASH-Target, sobald ein Team komplett ist. (pinball.co.uk);Laboratory (Lab Jump Ramp) – Fehlschüsse auf die Lab-Shots oder Rückläufe vom oberen Spielfeld können sehr schnell und flach zurückkommen. (Tilt Forums);Im Matchplay zuerst eine Zone beenden und den ersten Boss besiegen. Dadurch werden starke Feature-Modi freigeschaltet. Anschließend Chaos Emerald Multiball mit einer Zone oder einem Bosskampf stacken. Ringe und Chao nebenbei sammeln – der direkte Fortschritt durch Zonen und Bosskämpfe bringt in Turnierpartien meist die konstantesten Punkte. (Tilt Forums)
Winchester Mystery House (2025);Skillshot: Die beleuchtete 3er-Drop-Target-Bank in der Mitte treffen. Die Awards rotieren zwischen Call Spirits, Light Mystery und Advance 13. (Tilt Forums);Spirit Modes starten → Relics sammeln → parallel Séance Multiball oder Attic Multiball vorbereiten und möglichst mit einem Modus stacken. Der Fortschritt in Richtung 13ths Wizard Mode ergibt sich dabei automatisch. (Tilt Forums);Je nach Multiball müssen mehrere Lock-Shots gesammelt werden (typisch 3 Locks für den ersten Multiball). (Tilt Forums);Physischer Ball-Lock über den jeweils beleuchteten Lock-Shot (abhängig vom aktiven Multiball). (Tilt Forums);Nach dem letzten Lock über den beleuchteten Multiball-Startshot. (Tilt Forums);Mittlere 3er-Drop-Targets – Fehlschüsse können hart in die Spielfeldmitte oder auf die Slingshots zurückprallen und zu schnellen Kontrollverlusten führen. (Tilt Forums);Im Matchplay früh einen Spirit Mode starten und gleichzeitig den ersten Multiball aufbauen. Mystery-Awards sind nützlich, aber nicht erzwingen. Ein gestackter Spirit Mode + Séance Multiball liefert meist den sichersten und konstantesten Punktertrag. (Tilt Forums)
